StNo,Station,Passgrs,Latit,Longit,RailCo,Line
1,あざみ野,209875,35.56846,139.55387,東京急行電鉄,田園都市線
2,お台場海浜公園,16130,35.629805000000005,139.77853,ゆりかもめ,東京臨海新交通臨海線
3,お花茶屋,30429,35.747614999999996,139.83988499999998,京成電鉄,本線
4,くぬぎ山,7098,35.78233,139.975675,新京成電鉄,新京成線
5,さいたま新都心,80502,35.893595,139.63389999999998,東日本旅客鉄道,東北線
6,せんげん台,60821,35.935955,139.774595,東武鉄道,伊勢崎線
7,たまプラーザ,75967,35.577569999999994,139.559195,東京急行電鉄,田園都市線
8,つつじヶ丘,44675,35.658,139.57519000000002,京王電鉄,京王線
9,とうきょうスカイツリー,0,35.710465,139.809395,東武鉄道,伊勢崎線
10,はるひ野,8067,35.618915,139.46443,小田急電鉄,多摩線
11,ひばりヶ丘,67456,35.7517,139.54511000000002,西武鉄道,池袋線
12,みずほ台,40451,35.8382,139.550785,東武鉄道,東上本線
13,みつわ台,3295,35.638724999999994,140.13488999999998,千葉都市モノレール,2号線
14,みどり台,6608,35.625295,140.097325,京成電鉄,千葉線
15,みなとみらい,65188,35.457674999999995,139.63246,横浜高速鉄道,みなとみらい21線
16,みのり台,8109,35.789345,139.928785,新京成電鉄,新京成線
17,スポーツセンター,4798,35.64334,140.116245,千葉都市モノレール,2号線
18,センター北,48070,35.553105,139.5782775,横浜市,4号線
19,センター南,50755,35.5453825,139.5744625,横浜市,4号線
20,テレコムセンター,12775,35.617725,139.77966500000002,ゆりかもめ,東京臨海新交通臨海線
21,ベイサイド･ステーション,15663,35.627855,139.87634500000001,舞浜リゾートライン,ディズニーリゾートライン
22,モノレール浜松町,107992,35.655745,139.75666999999999,東京モノレール,東京モノレール羽田線
23,リゾートゲートウェイ･ステーション,31424,35.63511,139.88495,舞浜リゾートライン,ディズニーリゾートライン
24,一ノ割,18311,35.964875,139.76603999999998,東武鉄道,伊勢崎線
25,一之江,37951,35.68594,139.88289,東京都,10号線新宿線
26,一橋学園,20151,35.722105,139.480065,西武鉄道,多摩湖線
27,七光台,5811,35.97085,139.85295000000002,東武鉄道,野田線
28,七里,20610,35.936490000000006,139.66601,東武鉄道,野田線
29,万願寺,3702,35.671315,139.41986,多摩都市モノレール,多摩都市モノレール線
30,三ツ沢上町,14812,35.476425,139.60587,横浜市,3号線
31,三ツ沢下町,11473,35.476485,139.61521499999998,横浜市,3号線
32,三ノ輪,35764,35.729285000000004,139.791165,東京地下鉄,2号線日比谷線
33,三ノ輪橋,4357,35.73222,139.791505,東京都,荒川線
34,三咲,12536,35.749179999999996,140.02854,新京成電鉄,新京成線
35,三河島,19526,35.733414999999994,139.776845,東日本旅客鉄道,常磐線
36,三越前,117018,35.68592,139.7729875,東京地下鉄,11号線半蔵門線
37,三軒茶屋,152232,35.64349,139.66987749999998,東京急行電鉄,田園都市線
38,三郷中央,19700,35.824484999999996,139.87837000000002,首都圏新都市鉄道,常磐新線
39,三鷹,178590,35.702685,139.560085,東日本旅客鉄道,中央線
40,三鷹台,22533,35.692049999999995,139.589295,京王電鉄,井の頭線
41,上中里,13966,35.747344999999996,139.74544500000002,東日本旅客鉄道,東北線
42,上井草,19707,35.725255,139.602955,西武鉄道,新宿線
43,上北沢,14162,35.668845000000005,139.623415,京王電鉄,京王線
44,上星川,23884,35.467330000000004,139.580435,相模鉄道,本線
45,上本郷,6909,35.78938,139.91583500000002,新京成電鉄,新京成線
46,上板橋,49164,35.763615,139.67620499999998,東武鉄道,東上本線
47,上町,11184,35.64345,139.64654000000002,東京急行電鉄,世田谷線
48,上石神井,43091,35.726195000000004,139.59229,西武鉄道,新宿線
49,上野,562173,35.71302714285714,139.77659857142856,東日本旅客鉄道,東北線
50,上野動物園東園,0,35.71588,139.76999999999998,東京都,上野懸垂線
51,上野動物園西園,0,35.714315,139.76969000000003,東京都,上野懸垂線
52,上野広小路,22280,35.70782,139.773025,東京地下鉄,3号線銀座線
53,上野御徒町,52296,35.708034999999995,139.77229499999999,東京都,12号線大江戸線
54,上野毛,21273,35.61186,139.639165,東京急行電鉄,大井町線
55,下丸子,36608,35.571325,139.68549000000002,東京急行電鉄,東急多摩川線
56,下井草,23388,35.723870000000005,139.624735,西武鉄道,新宿線
57,下北沢,268908,35.661525,139.6669575,小田急電鉄,小田原線
58,下板橋,15009,35.74539,139.71519,東武鉄道,東上本線
59,下神明,7515,35.60871,139.72631,東京急行電鉄,大井町線
60,下総中山,45770,35.714285000000004,139.94307,東日本旅客鉄道,総武線
61,下落合,10843,35.715715,139.69568,西武鉄道,新宿線
62,下赤塚,17418,35.770485,139.64485000000002,東武鉄道,東上本線
63,下高井戸,72262,35.6660275,139.64133250000003,東京急行電鉄,世田谷線
64,不動前,28519,35.62529,139.712915,東京急行電鉄,目黒線
65,与野,48598,35.884375,139.63899,東日本旅客鉄道,東北線
66,与野本町,27768,35.880925000000005,139.626005,東日本旅客鉄道,東北線（埼京線）
67,世田谷,7334,35.643495,139.65084000000002,東京急行電鉄,世田谷線
68,世田谷代田,8289,35.658355,139.66160000000002,小田急電鉄,小田原線
69,両国,103664,35.696484999999996,139.79537249999998,東日本旅客鉄道,総武線
70,中井,49967,35.7144675,139.6864775,東京都,12号線大江戸線
71,中央大学・明星大学,16505,35.641885,139.408725,多摩都市モノレール,多摩都市モノレール線
72,中延,47043,35.605447500000004,139.71307000000002,東京都,1号線浅草線
73,中村橋,37689,35.736670000000004,139.63717,西武鉄道,池袋線
74,中板橋,26527,35.756280000000004,139.694385,東武鉄道,東上本線
75,中河原,25186,35.65942,139.457015,京王電鉄,京王線
76,中浦和,24222,35.85434,139.6369,東日本旅客鉄道,東北線（埼京線）
77,中目黒,190774,35.64383,139.698505,東京地下鉄,2号線日比谷線
78,中野坂上,100262,35.69734833333333,139.68245666666667,東京都,12号線大江戸線
79,中野富士見町,17575,35.69082,139.668155,東京地下鉄,4号線丸ノ内線分岐線
80,中野島,28488,35.63002,139.55107500000003,東日本旅客鉄道,南武線
81,中野新橋,18040,35.691919999999996,139.67432,東京地下鉄,4号線丸ノ内線分岐線
82,乃木坂,38336,35.6671,139.726795,東京地下鉄,9号線千代田線
83,久が原,14430,35.579454999999996,139.68567000000002,東京急行電鉄,池上線
84,久地,26340,35.610105000000004,139.593075,東日本旅客鉄道,南武線
85,久我山,37511,35.688140000000004,139.59932500000002,京王電鉄,井の頭線
86,久米川,32325,35.749525000000006,139.472695,西武鉄道,新宿線
87,九品仏,12747,35.605375,139.66101,東京急行電鉄,大井町線
88,九段下,230111,35.69601,139.75154166666667,東京都,10号線新宿線
89,亀戸,136995,35.697517500000004,139.8263775,東武鉄道,亀戸線
90,亀戸水神,3848,35.699945,139.83339,東武鉄道,亀戸線
91,亀有,77976,35.766765,139.84807999999998,東日本旅客鉄道,常磐線
92,二俣新町,9660,35.69132,139.959555,東日本旅客鉄道,京葉線
93,二和向台,18147,35.753885,140.02373,新京成電鉄,新京成線
94,二子新地,19145,35.60696,139.62234999999998,東京急行電鉄,田園都市線
95,二子玉川,123911,35.610485,139.6256,東京急行電鉄,田園都市線
96,二重橋前,32067,35.680505,139.76178,東京地下鉄,9号線千代田線
97,五反田,423993,35.62578166666667,139.724155,東日本旅客鉄道,山手線
98,五反野,34087,35.765905000000004,139.80963,東武鉄道,伊勢崎線
99,五月台,10128,35.600229999999996,139.493385,小田急電鉄,多摩線
100,五香,30546,35.797285,139.96577000000002,新京成電鉄,新京成線
101,井の頭公園,6754,35.697295,139.58312,京王電鉄,井の頭線
102,井土ヶ谷,27082,35.433875,139.600525,京浜急行電鉄,本線
103,井荻,19456,35.724645,139.615995,西武鉄道,新宿線
104,京急川崎,114311,35.533010000000004,139.70094,京浜急行電鉄,本線
105,京急新子安,7964,35.48721999999999,139.65585,京浜急行電鉄,本線
106,京急蒲田,47473,35.56049166666667,139.72346666666667,京浜急行電鉄,本線
107,京急鶴見,28196,35.50705,139.67792,京浜急行電鉄,本線
108,京成上野,44002,35.71131,139.77351,京成電鉄,本線
109,京成中山,3628,35.71695,139.94438,京成電鉄,本線
110,京成八幡,31336,35.72386,139.92817,京成電鉄,本線
111,京成大久保,31888,35.685925,140.048605,京成電鉄,本線
112,京成大和田,12106,35.712360000000004,140.10863,京成電鉄,本線
113,京成小岩,16614,35.742215,139.883615,京成電鉄,本線
114,京成幕張,7802,35.660905,140.055805,京成電鉄,千葉線
115,京成幕張本郷,12708,35.672920000000005,140.041675,京成電鉄,千葉線
116,京成曳舟,18183,35.71864,139.82028,京成電鉄,押上線
117,京成津田沼,54144,35.68364,140.024845,新京成電鉄,新京成線
118,京成稲毛,6214,35.637249999999995,140.08571,京成電鉄,千葉線
119,京成立石,36174,35.73819,139.84816,京成電鉄,押上線
120,京成船橋,92145,35.700135,139.98547,京成電鉄,本線
121,京成西船,9181,35.711690000000004,139.958845,京成電鉄,本線
122,京成金町,23735,35.76845,139.87034999999997,京成電鉄,金町線
123,京成関屋,25054,35.743965,139.81185,京成電鉄,本線
124,京成高砂,95452,35.75087,139.86659,京成電鉄,成田空港線
125,京王よみうりランド,11486,35.632999999999996,139.51807000000002,京王電鉄,相模原線
126,京王多摩センター,81841,35.625225,139.42416500000002,京王電鉄,相模原線
127,京王多摩川,16430,35.64346999999999,139.53577,京王電鉄,相模原線
128,京王永山,41996,35.62999,139.44914,京王電鉄,相模原線
129,京王稲田堤,48824,35.633785,139.53097,京王電鉄,相模原線
130,人形町,125795,35.686395,139.7822,東京都,1号線浅草線
131,仙川,72452,35.66227,139.584935,京王電鉄,京王線
132,代々木,173871,35.68379,139.70198166666668,東日本旅客鉄道,中央線
133,代々木上原,230242,35.668594999999996,139.678995,東京地下鉄,9号線千代田線
134,代々木八幡,19682,35.66948,139.68855000000002,小田急電鉄,小田原線
135,代々木公園,22345,35.669215,139.68902500000002,東京地下鉄,9号線千代田線
136,代官山,28693,35.64825,139.70349,東京急行電鉄,東横線
137,代田橋,20438,35.671075,139.65939500000002,京王電鉄,京王線
138,仲御徒町,41973,35.706655,139.77618999999999,東京地下鉄,2号線日比谷線
139,仲木戸,18693,35.477554999999995,139.634925,京浜急行電鉄,本線
140,仲町台,30882,35.535315,139.589515,横浜市,3号線
141,伊勢佐木長者町,45780,35.4407,139.63215,横浜市,1号線
142,作草部,3484,35.62578499999999,140.11536999999998,千葉都市モノレール,2号線
143,保土ヶ谷,63864,35.44722,139.60037,東日本旅客鉄道,東海道線
144,保谷,56684,35.748225,139.56788,西武鉄道,池袋線
145,信濃町,52062,35.679874999999996,139.72213,東日本旅客鉄道,中央線
146,元住吉,61635,35.565704999999994,139.654715,東京急行電鉄,東横線
147,元町・中華街,56112,35.442305000000005,139.65073999999998,横浜高速鉄道,みなとみらい21線
148,光が丘,57846,35.75847,139.62923999999998,東京都,12号線大江戸線
149,入谷,27680,35.599765000000005,139.588395,東日本旅客鉄道,相模線
150,八丁畷,16267,35.523047500000004,139.6914125,東日本旅客鉄道,南武線
151,八千代中央,21449,35.727875,140.103305,東葉高速鉄道,東葉高速線
152,八千代台,47176,35.701355,140.09077000000002,京成電鉄,本線
153,八千代緑が丘,32582,35.728939999999994,140.073205,東葉高速鉄道,東葉高速線
154,八幡山,39627,35.670075,139.61448000000001,京王電鉄,京王線
155,八広,9792,35.72747,139.82858,京成電鉄,押上線
156,八木崎,10022,35.978575,139.7423,東武鉄道,野田線
157,八柱,44648,35.791195,139.937255,新京成電鉄,新京成線
158,八潮,32400,35.807765,139.84473500000001,首都圏新都市鉄道,常磐新線
159,六実,15719,35.793705,139.99924499999997,東武鉄道,野田線
160,六本木,221874,35.6634325,139.731215,東京都,12号線大江戸線
161,六本木一丁目,50205,35.665075,139.7389,東京地下鉄,7号線南北線
162,六町,22900,35.78478,139.82180499999998,首都圏新都市鉄道,常磐新線
163,六郷土手,14135,35.540530000000004,139.707565,京浜急行電鉄,本線
164,内幸町,36377,35.669705,139.755605,東京都,6号線三田線
165,分倍河原,162735,35.667922499999996,139.46854249999998,東日本旅客鉄道,南武線
166,初台,54153,35.68142,139.68827,京王電鉄,京王線
167,初富,5314,35.771975,140.00046,新京成電鉄,新京成線
168,初石,17507,35.883840000000006,139.91791,東武鉄道,野田線
169,前原,7483,35.700655,140.02751999999998,新京成電鉄,新京成線
170,加茂宮,5409,35.935770000000005,139.616935,埼玉新都市交通,伊奈線
171,動物公園,1314,35.64257,140.12568499999998,千葉都市モノレール,2号線
172,勝どき,84940,35.659345,139.77773000000002,東京都,12号線大江戸線
173,勝田台,52839,35.71539,140.12604499999998,京成電鉄,本線
174,北与野,16294,35.891235,139.628855,東日本旅客鉄道,東北線（埼京線）
175,北初富,4940,35.776555,139.989805,新京成電鉄,新京成線
176,北千住,1190222,35.749132,139.80495200000001,東武鉄道,伊勢崎線
177,北千束,6829,35.60628,139.69326999999998,東京急行電鉄,大井町線
178,北参道,14376,35.678605000000005,139.705395,東京地下鉄,13号線副都心線
179,北品川,7954,35.622135,139.739375,京浜急行電鉄,本線
180,北国分,7507,35.76286,139.91422,北総鉄道,北総線
181,北大宮,5790,35.91794,139.624805,東武鉄道,野田線
182,北小金,49250,35.833169999999996,139.93075,東日本旅客鉄道,常磐線
183,北府中,26980,35.680855,139.471795,東日本旅客鉄道,武蔵野線
184,北戸田,34266,35.826755000000006,139.66144500000001,東日本旅客鉄道,東北線（埼京線）
185,北新横浜,12226,35.519215,139.61284999999998,横浜市,3号線
186,北春日部,9762,35.989940000000004,139.74432,東武鉄道,伊勢崎線
187,北朝霞,126526,35.815470000000005,139.58722999999998,東日本旅客鉄道,武蔵野線
188,北松戸,41532,35.800365,139.91162500000002,東日本旅客鉄道,常磐線
189,北池袋,8520,35.740335,139.71639499999998,東武鉄道,東上本線
190,北浦和,99048,35.8722,139.64575000000002,東日本旅客鉄道,東北線
191,北綾瀬,25215,35.77689,139.83209499999998,東京地下鉄,9号線千代田線
192,北習志野,80476,35.7215975,140.04260499999998,東葉高速鉄道,東葉高速線
193,北赤羽,34590,35.786575,139.70648,東日本旅客鉄道,東北線（埼京線）
194,北越谷,52426,35.901714999999996,139.77987000000002,東武鉄道,伊勢崎線
195,千住大橋,10758,35.74241,139.79705,京成電鉄,本線
196,千川,34079,35.738175,139.6894,東京地下鉄,8号線有楽町線
197,千歳烏山,74696,35.667835,139.60037499999999,京王電鉄,京王線
198,千歳船橋,53720,35.64767500000001,139.62453,小田急電鉄,小田原線
199,千石,29201,35.727965,139.744745,東京都,6号線三田線
200,千葉みなと,42434,35.606902500000004,140.1027875,東日本旅客鉄道,京葉線
201,千葉公園,1513,35.61971,140.11798,千葉都市モノレール,2号線
202,千駄ヶ谷,40016,35.68112,139.712045,東日本旅客鉄道,中央線
203,千駄木,24884,35.726564999999994,139.76354500000002,東京地下鉄,9号線千代田線
204,千鳥町,14392,35.573,139.69142,東京急行電鉄,池上線
205,半蔵門,76411,35.685379999999995,139.741695,東京地下鉄,11号線半蔵門線
206,南与野,31224,35.867355,139.631055,東日本旅客鉄道,東北線（埼京線）
207,南千住,65756,35.733093333333336,139.7990583333333,東日本旅客鉄道,常磐線
208,南多摩,12922,35.649215,139.48954500000002,東日本旅客鉄道,南武線
209,南太田,17278,35.436890000000005,139.613635,京浜急行電鉄,本線
210,南平,10733,35.65514,139.39257500000002,京王電鉄,京王線
211,南新宿,3688,35.683440000000004,139.69851,小田急電鉄,小田原線
212,南柏,63224,35.844915,139.95470999999998,東日本旅客鉄道,常磐線
213,南流山,117016,35.8381375,139.90351249999998,東日本旅客鉄道,武蔵野線
214,南浦和,112816,35.84796,139.6687775,東日本旅客鉄道,武蔵野線
215,南砂町,58762,35.668414999999996,139.831695,東京地下鉄,5号線東西線
216,南船橋,38294,35.681665,139.9957,東日本旅客鉄道,京葉線
217,南行徳,49209,35.673225,139.90286500000002,東京地下鉄,5号線東西線
218,南越谷,134228,35.876045000000005,139.791135,東日本旅客鉄道,武蔵野線
219,南阿佐ヶ谷,22337,35.699455,139.635575,東京地下鉄,4号線丸ノ内線
220,南鳩ヶ谷,11800,35.81608,139.736095,埼玉高速鉄道,埼玉高速鉄道線
221,原宿,139500,35.67076,139.702575,東日本旅客鉄道,山手線
222,原木中山,24239,35.7033,139.941915,東京地下鉄,5号線東西線
223,参宮橋,15143,35.678605000000005,139.69358499999998,小田急電鉄,小田原線
224,反町,12818,35.474824999999996,139.62537500000002,東京急行電鉄,東横線
225,台場,24583,35.625870000000006,139.77137499999998,ゆりかもめ,東京臨海新交通臨海線
226,吉川,37454,35.876705,139.84269,東日本旅客鉄道,武蔵野線
227,吉川美南,2948,35.868087,139.85812149999998,東日本旅客鉄道,武蔵野線
228,吉祥寺,416585,35.702712500000004,139.579895,東日本旅客鉄道,中央線
229,吉野町,21186,35.435505,139.619,横浜市,1号線
230,向ヶ丘遊園,64385,35.61728,139.56461000000002,小田急電鉄,小田原線
231,向河原,30096,35.572175,139.667295,東日本旅客鉄道,南武線
232,和光市,156394,35.78835,139.612865,東武鉄道,東上本線
233,和泉多摩川,15006,35.627415,139.57371999999998,小田急電鉄,小田原線
234,和田町,15899,35.463710000000006,139.58638,相模鉄道,本線
235,品川,901705,35.62849333333333,139.73899333333333,東日本旅客鉄道,東海道線
236,品川シーサイド,41000,35.609790000000004,139.749795,東京臨海高速鉄道,りんかい線
237,喜多見,31769,35.636300000000006,139.586105,小田急電鉄,小田原線
238,四ツ木,13204,35.731715,139.834655,京成電鉄,押上線
239,四ツ谷,176208,35.68649,139.730825,東日本旅客鉄道,中央線
240,四谷,104101,35.684942500000005,139.729935,東京地下鉄,7号線南北線
241,四谷三丁目,41287,35.687835,139.719325,東京地下鉄,4号線丸ノ内線
242,国会議事堂前,36819,35.674,139.744175,東京地下鉄,9号線千代田線
243,国分寺,324039,35.70041,139.48104666666666,東日本旅客鉄道,中央線
244,国府台,11744,35.73631,139.90354,京成電鉄,本線
245,国立,104194,35.699195,139.446415,東日本旅客鉄道,中央線
246,国立競技場,10300,35.6798,139.71512,東京都,12号線大江戸線
247,国道,0,35.50077,139.67571,東日本旅客鉄道,鶴見線
248,国際展示場,59000,35.63441,139.791695,東京臨海高速鉄道,りんかい線
249,国際展示場正門,18509,35.63021,139.7913,ゆりかもめ,東京臨海新交通臨海線
250,国領,38285,35.650185,139.55843,京王電鉄,京王線
251,土呂,26742,35.931915000000004,139.632195,東日本旅客鉄道,東北線
252,地下鉄成増,45573,35.776740000000004,139.63117,東京地下鉄,8号線有楽町線
253,地下鉄赤塚,32130,35.769890000000004,139.644155,東京地下鉄,8号線有楽町線
254,堀切,3831,35.743345,139.81738,東武鉄道,伊勢崎線
255,堀切菖蒲園,19982,35.74765,139.82754,京成電鉄,本線
256,塚田,13977,35.722125,139.98290500000002,東武鉄道,野田線
257,増尾,13198,35.82982,139.97632499999997,東武鉄道,野田線
258,外苑前,75377,35.670375,139.717825,東京地下鉄,3号線銀座線
259,多摩センター,17451,35.623855,139.422785,多摩都市モノレール,多摩都市モノレール線
260,多摩動物公園,7383,35.6489875,139.40457750000002,多摩都市モノレール,多摩都市モノレール線
261,多摩川,20202,35.58965166666667,139.66869,東京急行電鉄,東急多摩川線
262,多磨,12809,35.676825,139.51715000000002,西武鉄道,多摩川線
263,多磨霊園,11546,35.66636,139.50212,京王電鉄,京王線
264,大井町,396014,35.60726666666667,139.73457833333333,東日本旅客鉄道,東海道線
265,大井競馬場前,8659,35.59503,139.74720000000002,東京モノレール,東京モノレール羽田線
266,大口,33882,35.492295,139.64633500000002,東日本旅客鉄道,横浜線
267,大和,223925,35.76160666666667,139.66531999999998,東日本旅客鉄道,水戸線
268,大塚・帝京大学,3703,35.63686,139.416445,多摩都市モノレール,多摩都市モノレール線
269,大塚駅前,8962,35.73162,139.729455,東京都,荒川線
270,大宮公園,10264,35.92388,139.63308,東武鉄道,野田線
271,大岡山,46255,35.607150000000004,139.684885,東京急行電鉄,目黒線
272,大崎,255676,35.6198475,139.72807,東日本旅客鉄道,山手線
273,大崎広小路,8387,35.622305,139.722355,東京急行電鉄,池上線
274,大川,0,35.495405,139.71138,東日本旅客鉄道,鶴見線
275,大師前,13400,35.77895,139.781655,東武鉄道,大師線
276,大森海岸,13433,35.58708,139.73525,京浜急行電鉄,本線
277,大森町,17743,35.5725,139.73201,京浜急行電鉄,本線
278,大泉学園,82786,35.749584999999996,139.58619,西武鉄道,池袋線
279,大神宮下,3960,35.693805,139.99146,京成電鉄,本線
280,大袋,17529,35.9246,139.77794,東武鉄道,伊勢崎線
281,大鳥居,26957,35.552319999999995,139.740225,京浜急行電鉄,空港線
282,天台,3383,35.63147,140.11284,千葉都市モノレール,2号線
283,天王洲アイル,62386,35.621795,139.75089499999999,東京臨海高速鉄道,りんかい線
284,天王町,27547,35.45401,139.60253,相模鉄道,本線
285,天空橋,28308,35.548342500000004,139.7544725,東京モノレール,東京モノレール羽田線
286,奥沢,13232,35.603944999999996,139.67241,東京急行電鉄,目黒線
287,妙典,45532,35.690365,139.92352,東京地下鉄,5号線東西線
288,妙蓮寺,24510,35.498775,139.633305,東京急行電鉄,東横線
289,姫宮,5272,36.004419999999996,139.738685,東武鉄道,伊勢崎線
290,子安,7754,35.484365,139.644435,京浜急行電鉄,本線
291,学習院下,1862,35.71575,139.71231,東京都,荒川線
292,学芸大学,71950,35.62877,139.68524,東京急行電鉄,東横線
293,安善,0,35.49984,139.701245,東日本旅客鉄道,鶴見線
294,実籾,22928,35.68685,140.06808,京成電鉄,本線
295,宮の坂,8296,35.64755,139.64492,東京急行電鉄,世田谷線
296,宮ノ前,3967,35.749885,139.765765,東京都,荒川線
297,宮前平,48512,35.58506,139.58299499999998,東京急行電鉄,田園都市線
298,宮崎台,44466,35.58685,139.59031,東京急行電鉄,田園都市線
299,宿河原,14396,35.61542,139.579545,東日本旅客鉄道,南武線
300,富士見ヶ丘,13540,35.684955,139.60680000000002,京王電鉄,井の頭線
301,富士見台,24176,35.73585,139.629815,西武鉄道,池袋線
302,小伝馬町,37527,35.69094,139.77832,東京地下鉄,2号線日比谷線
303,小台,3879,35.75049,139.761735,東京都,荒川線
304,小宮,5566,35.685585,139.36872499999998,東日本旅客鉄道,八高線
305,小岩,124104,35.733329999999995,139.88185,東日本旅客鉄道,総武線
306,小島新田,20470,35.534639999999996,139.747555,京浜急行電鉄,大師線
307,小平,37164,35.736914999999996,139.488445,西武鉄道,拝島線
308,小机,19184,35.508635,139.59962000000002,東日本旅客鉄道,横浜線
309,小村井,9828,35.710319999999996,139.82761,東武鉄道,亀戸線
310,小田急多摩センター,47290,35.62493,139.424375,小田急電鉄,多摩線
311,小田急永山,28798,35.629670000000004,139.44891,小田急電鉄,多摩線
312,小竹向原,243653,35.743395,139.67952000000002,東京地下鉄,8号線有楽町線
313,小菅,5558,35.758685,139.81265,東武鉄道,伊勢崎線
314,小金城趾,1546,35.836025,139.916875,流鉄,流山線
315,尻手,23390,35.530975,139.6843,東日本旅客鉄道,南武線
316,尾久,15288,35.74722,139.7529,東日本旅客鉄道,東北線
317,尾山台,27844,35.606935,139.65412,東京急行電鉄,大井町線
318,山手,34452,35.4268,139.64647,東日本旅客鉄道,根岸線
319,岩本町,41053,35.69553,139.77614,東京都,10号線新宿線
320,岩槻,35386,35.95025,139.69313,東武鉄道,野田線
321,岸根公園,11153,35.49551,139.616545,横浜市,3号線
322,川口,156350,35.800985,139.717905,東日本旅客鉄道,東北線
323,川口元郷,16100,35.799620000000004,139.72954499999997,埼玉高速鉄道,埼玉高速鉄道線
324,川和町,6794,35.528445000000005,139.54897499999998,横浜市,4号線
325,川崎,371302,35.531364999999994,139.69681,東日本旅客鉄道,南武線
326,川崎大師,16466,35.53577,139.725995,京浜急行電鉄,大師線
327,川崎新町,2672,35.518325000000004,139.69925999999998,東日本旅客鉄道,南武線
328,川間,18067,35.97919,139.834545,東武鉄道,野田線
329,巣鴨,244363,35.73375,139.7391925,東日本旅客鉄道,山手線
330,巣鴨新田,2013,35.73516,139.72791,東京都,荒川線
331,市が尾,42978,35.551265,139.54126,東京急行電鉄,田園都市線
332,市ヶ谷,325287,35.69244625,139.73686500000002,東日本旅客鉄道,中央線
333,市場前,113,35.64569,139.78565,ゆりかもめ,東京臨海新交通臨海線
334,市川,116662,35.72887,139.90816999999998,東日本旅客鉄道,総武線
335,市川塩浜,12754,35.66681,139.92381999999998,東日本旅客鉄道,京葉線
336,市川大野,22194,35.755405,139.95128,東日本旅客鉄道,武蔵野線
337,市川真間,7504,35.731025,139.912175,京成電鉄,本線
338,布田,15366,35.649860000000004,139.551715,京王電鉄,京王線
339,常盤平,18631,35.80315,139.949435,新京成電鉄,新京成線
340,幕張,30996,35.65912,140.05830500000002,東日本旅客鉄道,総武線
341,幕張本郷,51866,35.672285,140.04281,東日本旅客鉄道,総武線
342,幡ヶ谷,30116,35.67676,139.67772000000002,京王電鉄,京王線
343,平和台,41365,35.8043375,139.7777625,東京地下鉄,8号線有楽町線
344,平和島,45567,35.5792,139.735115,京浜急行電鉄,本線
345,平沼橋,7366,35.459845,139.616465,相模鉄道,本線
346,平間,28206,35.560565,139.67109499999998,東日本旅客鉄道,南武線
347,幸谷,4458,35.827045,139.92005999999998,流鉄,流山線
348,広尾,56244,35.651475,139.72221000000002,東京地下鉄,2号線日比谷線
349,庚申塚,2854,35.739125,139.729555,東京都,荒川線
350,府中本町,33130,35.665815,139.47715,東日本旅客鉄道,武蔵野線
351,府中競馬正門前,3088,35.668355,139.485165,京王電鉄,競馬場線
352,弁天橋,0,35.495795,139.689485,東日本旅客鉄道,鶴見線
353,後楽園,93436,35.7081125,139.7516975,東京地下鉄,7号線南北線
354,御嶽山,24218,35.584959999999995,139.68252,東京急行電鉄,池上線
355,御徒町,136804,35.707195,139.77471500000001,東日本旅客鉄道,東北線
356,御成門,40663,35.661325000000005,139.75166000000002,東京都,6号線三田線
357,御茶ノ水,253678,35.69988,139.76482166666668,東日本旅客鉄道,中央線
358,志木,100401,35.82217,139.5753,東武鉄道,東上本線
359,志村三丁目,30804,35.777465,139.68586,東京都,6号線三田線
360,志村坂上,27739,35.77634,139.69473,東京都,6号線三田線
361,志茂,10130,35.778025,139.73250000000002,東京地下鉄,7号線南北線
362,恋ヶ窪,11212,35.711349999999996,139.46389,西武鉄道,国分寺線
363,恩田,917,35.54575,139.49199,東京急行電鉄,こどもの国線
364,恵比寿,355327,35.646605,139.70915250000002,東日本旅客鉄道,山手線
365,成城学園前,84737,35.640135,139.59908000000001,小田急電鉄,小田原線
366,成増,58233,35.777280000000005,139.63338,東武鉄道,東上本線
367,戸塚安行,12300,35.85907,139.75377500000002,埼玉高速鉄道,埼玉高速鉄道線
368,戸田公園,59500,35.807765,139.67835000000002,東日本旅客鉄道,東北線（埼京線）
369,戸越,19089,35.614425,139.716375,東京都,1号線浅草線
370,戸越公園,13139,35.60893,139.71839,東京急行電鉄,大井町線
371,戸越銀座,18679,35.61601,139.715,東京急行電鉄,池上線
372,戸部,15063,35.45666,139.61956,京浜急行電鉄,本線
373,所沢,95309,35.7867525,139.4733625,西武鉄道,池袋線
374,扇大橋,6551,35.764134999999996,139.77085,東京都,日暮里・舎人線
375,押上,434036,35.7086625,139.81323,東武鉄道,伊勢崎線
376,整備場,2388,35.555099999999996,139.75336,東京モノレール,東京モノレール羽田線
377,新三河島,4923,35.737105,139.77377,京成電鉄,本線
378,新三郷,32996,35.85839,139.86953499999998,東日本旅客鉄道,武蔵野線
379,新中野,31702,35.697475,139.66951,東京地下鉄,4号線丸ノ内線
380,新丸子,26173,35.58046,139.66194000000002,東京急行電鉄,東横線
381,新井宿,9000,35.84295,139.738115,埼玉高速鉄道,埼玉高速鉄道線
382,新井薬師前,22773,35.715635,139.67307499999998,西武鉄道,新宿線
383,新代田,8507,35.662495,139.66138999999998,京王電鉄,井の頭線
384,新八柱,46510,35.791290000000004,139.938555,東日本旅客鉄道,武蔵野線
385,新千葉,1523,35.612465,140.10862500000002,京成電鉄,千葉線
386,新大久保,84866,35.70093,139.700255,東日本旅客鉄道,山手線
387,新大塚,22303,35.72627,139.729155,東京地下鉄,4号線丸ノ内線
388,新子安,41072,35.48636,139.65314,東日本旅客鉄道,東海道線
389,新宿,3235584,35.68982454545455,139.6999540909091,東日本旅客鉄道,山手線
390,新宿三丁目,154908,35.69164,139.70563,東京地下鉄,13号線副都心線
391,新宿御苑前,43610,35.688525,139.710915,東京地下鉄,4号線丸ノ内線
392,新宿西口,53072,35.693160000000006,139.69916,東京都,12号線大江戸線
393,新小岩,140870,35.71605,139.85652,東日本旅客鉄道,総武線
394,新小平,22146,35.73122,139.470615,東日本旅客鉄道,武蔵野線
395,新小金井,3525,35.69592,139.526745,西武鉄道,多摩川線
396,新川崎,50454,35.552465,139.67119000000002,東日本旅客鉄道,東海道線
397,新庚申塚,3141,35.741105000000005,139.73035,東京都,荒川線
398,新座,35668,35.80373,139.55578500000001,東日本旅客鉄道,武蔵野線
399,新御徒町,72456,35.70691,139.78243500000002,東京都,12号線大江戸線
400,新御茶ノ水,85981,35.696925,139.76545,東京地下鉄,9号線千代田線
401,新整備場,3447,35.54317,139.786995,東京モノレール,東京モノレール羽田線
402,新日本橋,36014,35.68878,139.773465,東日本旅客鉄道,総武線
403,新木場,283826,35.64586833333333,139.8266833333333,東日本旅客鉄道,京葉線
404,新松戸,71568,35.82513,139.9212225,東日本旅客鉄道,武蔵野線
405,新板橋,26227,35.74884,139.71936499999998,東京都,6号線三田線
406,新柏,19376,35.8381,139.96704,東武鉄道,野田線
407,新柴又,3692,35.75135,139.87982,北総鉄道,北総線
408,新桜台,6663,35.741265,139.66903,西武鉄道,西武有楽町線
409,新検見川,45746,35.651740000000004,140.07387,東日本旅客鉄道,総武線
410,新横浜,178000,35.50731666666667,139.61693,東日本旅客鉄道,横浜線
411,新橋,854887,35.665932999999995,139.758905,東日本旅客鉄道,東海道線
412,新江古田,23909,35.73235,139.67095,東京都,12号線大江戸線
413,新津田沼,71298,35.69042,140.02308499999998,新京成電鉄,新京成線
414,新浦安,107310,35.649519999999995,139.91253,東日本旅客鉄道,京葉線
415,新百合ヶ丘,122763,35.603705,139.507475,小田急電鉄,多摩線
416,新秋津,73856,35.778310000000005,139.49375500000002,東日本旅客鉄道,武蔵野線
417,新羽,18907,35.52747,139.61201,横浜市,3号線
418,新習志野,25064,35.6674,140.012975,東日本旅客鉄道,京葉線
419,新船橋,9564,35.711565,139.97982,東武鉄道,野田線
420,新芝浦,0,35.491915000000006,139.700125,東日本旅客鉄道,鶴見線
421,新豊洲,1600,35.64871,139.79011500000001,ゆりかもめ,東京臨海新交通臨海線
422,新越谷,140311,35.875565,139.789815,東武鉄道,伊勢崎線
423,新鎌ヶ谷,93344,35.779880000000006,139.99871000000002,京成電鉄,成田空港線
424,新馬場,13760,35.61615,139.7416,京浜急行電鉄,本線
425,新高円寺,33392,35.69786,139.64851,東京地下鉄,4号線丸ノ内線
426,新高島,5370,35.461955,139.626485,横浜高速鉄道,みなとみらい21線
427,新高島平,9366,35.79022,139.65433000000002,東京都,6号線三田線
428,方南町,32060,35.683515,139.657935,東京地下鉄,4号線丸ノ内線分岐線
429,旗の台,36709,35.6050325,139.7027625,東京急行電鉄,池上線
430,日の出,2288,35.64926,139.75916,ゆりかもめ,東京臨海新交通臨海線
431,日ノ出町,26651,35.44587,139.626545,京浜急行電鉄,本線
432,日吉本町,12978,35.549913000000004,139.633334,横浜市,4号線
433,日暮里,326694,35.728050999999994,139.77116299999997,東京都,日暮里・舎人線
434,日本大通り,22395,35.446795,139.64272499999998,横浜高速鉄道,みなとみらい21線
435,日比谷,168108,35.67501666666667,139.75973833333333,東京都,6号線三田線
436,早稲田,77825,35.7087775,139.7206225,東京都,荒川線
437,明大前,84512,35.668769999999995,139.6506325,京王電鉄,京王線
438,明治神宮前,75365,35.669095,139.7044775,東京地下鉄,13号線副都心線
439,春日部,72445,35.979885,139.75293499999998,東武鉄道,野田線
440,昭和,0,35.507155,139.72384,東日本旅客鉄道,鶴見線
441,昭和島,4641,35.570395000000005,139.74985500000003,東京モノレール,東京モノレール羽田線
442,是政,7563,35.656185,139.48864,西武鉄道,多摩川線
443,曙橋,34858,35.69233,139.72258,東京都,10号線新宿線
444,曳舟,24135,35.718085,139.816625,東武鉄道,亀戸線
445,月島,120312,35.664564999999996,139.784495,東京都,12号線大江戸線
446,有明テニスの森,3074,35.63998,139.788895,ゆりかもめ,東京臨海新交通臨海線
447,有楽町,476606,35.675610000000006,139.762285,東日本旅客鉄道,東海道線
448,朝霞,62346,35.796765,139.6003,東武鉄道,東上本線
449,朝霞台,149650,35.814345,139.5873,東武鉄道,東上本線
450,木場,74353,35.66937,139.80652500000002,東京地下鉄,5号線東西線
451,本八幡,162035,35.7221,139.9271425,東日本旅客鉄道,総武線
452,本所吾妻橋,17490,35.708565,139.80399,東京都,1号線浅草線
453,本蓮沼,20675,35.768985,139.70211,東京都,6号線三田線
454,本郷三丁目,67141,35.7073125,139.75998750000002,東京都,12号線大江戸線
455,本駒込,19986,35.72484,139.75372,東京地下鉄,7号線南北線
456,東あずま,7162,35.707375,139.831595,東武鉄道,亀戸線
457,東中山,6972,35.714420000000004,139.952635,京成電鉄,本線
458,東中神,13736,35.706275,139.384595,東日本旅客鉄道,青梅線
459,東中野,102190,35.70681,139.684165,東日本旅客鉄道,中央線
460,東久留米,52520,35.76045,139.53375,西武鉄道,池袋線
461,東京,931146,35.681071249999995,139.76655625,東日本旅客鉄道,東北線
462,東京テレポート,58000,35.627085,139.77805999999998,東京臨海高速鉄道,りんかい線
463,東京ディズニーシー･ステーション,39171,35.627235,139.88949000000002,舞浜リゾートライン,ディズニーリゾートライン
464,東京ディズニーランド･ステーション,16636,35.635845,139.878445,舞浜リゾートライン,ディズニーリゾートライン
465,東伏見,24063,35.728755,139.56357500000001,西武鉄道,新宿線
466,東北沢,6391,35.665440000000004,139.67304000000001,小田急電鉄,小田原線
467,東十条,43256,35.76325,139.72716000000003,東日本旅客鉄道,東北線
468,東向島,17304,35.724355,139.81933500000002,東武鉄道,伊勢崎線
469,東大前,26052,35.718715,139.75754999999998,東京地下鉄,7号線南北線
470,東大和市,24170,35.732905,139.434295,西武鉄道,拝島線
471,東大宮,61690,35.948359999999994,139.64026,東日本旅客鉄道,東北線
472,東大島,30738,35.689499999999995,139.848365,東京都,10号線新宿線
473,東宮原,4098,35.942685,139.618225,埼玉新都市交通,伊奈線
474,東小金井,55070,35.70156,139.52375999999998,東日本旅客鉄道,中央線
475,東尾久三丁目,2153,35.74559,139.7739,東京都,荒川線
476,東山田,8338,35.55421,139.60604,横浜市,4号線
477,東岩槻,20092,35.96329,139.71227,東武鉄道,野田線
478,東川口,84330,35.8758975,139.7438825,東日本旅客鉄道,武蔵野線
479,東府中,20137,35.668769999999995,139.4954,京王電鉄,競馬場線
480,東所沢,29096,35.79489,139.51454,東日本旅客鉄道,武蔵野線
481,東新宿,48826,35.69958,139.707905,東京地下鉄,13号線副都心線
482,東日本橋,74630,35.69281,139.784935,東京都,1号線浅草線
483,東村山,46347,35.759965,139.46586000000002,西武鉄道,西武園線
484,東松原,18379,35.662585,139.65611,京王電鉄,井の頭線
485,東松戸,49690,35.77017,139.94347,京成電鉄,成田空港線
486,東武動物公園,32391,36.024699999999996,139.72689,東武鉄道,日光線
487,東武練馬,59495,35.768649999999994,139.66254,東武鉄道,東上本線
488,東池袋,34327,35.72595,139.718865,東京地下鉄,8号線有楽町線
489,東池袋四丁目,4331,35.7255,139.720735,東京都,荒川線
490,東浦和,53526,35.86416,139.704815,東日本旅客鉄道,武蔵野線
491,東海神,6205,35.705960000000005,139.98055499999998,東葉高速鉄道,東葉高速線
492,東白楽,13070,35.4834,139.629525,東京急行電鉄,東横線
493,東神奈川,63230,35.477875,139.633165,東日本旅客鉄道,東海道線
494,東船橋,37126,35.699925,140.003135,東日本旅客鉄道,総武線
495,東葉勝田台,30441,35.71572,140.12615,東葉高速鉄道,東葉高速線
496,東銀座,143363,35.6694425,139.76679249999998,東京都,1号線浅草線
497,東長崎,26598,35.729969999999994,139.68318499999998,西武鉄道,池袋線
498,東門前,11626,35.53659,139.734325,京浜急行電鉄,大師線
499,東陽町,120297,35.66959,139.81768,東京地下鉄,5号線東西線
500,東高円寺,31911,35.697964999999996,139.658295,東京地下鉄,4号線丸ノ内線
501,松が谷,1307,35.631795,139.422035,多摩都市モノレール,多摩都市モノレール線
502,松原団地,54570,35.8433,139.800675,東武鉄道,伊勢崎線
503,松戸,302994,35.784285,139.90075249999998,東日本旅客鉄道,常磐線
504,松戸新田,6261,35.790655,139.92233,新京成電鉄,新京成線
505,松陰神社前,10458,35.643885,139.65499,東京急行電鉄,世田谷線
506,松飛台,4316,35.775365,139.9582,北総鉄道,北総線
507,板橋,60336,35.744640000000004,139.71894500000002,東日本旅客鉄道,赤羽線（埼京線）
508,板橋区役所前,29187,35.751305,139.710055,東京都,6号線三田線
509,板橋本町,29601,35.7611,139.705605,東京都,6号線三田線
510,柏,375908,35.8617725,139.970495,東武鉄道,野田線
511,柏の葉キャンパス,25500,35.893315,139.952525,首都圏新都市鉄道,常磐新線
512,柳瀬川,21359,35.830560000000006,139.56246,東武鉄道,東上本線
513,柴又,9024,35.75624,139.875165,京成電鉄,金町線
514,柴崎,17227,35.65399,139.566625,京王電鉄,京王線
515,柴崎体育館,1932,35.689800000000005,139.40928000000002,多摩都市モノレール,多摩都市モノレール線
516,柿生,35258,35.589569999999995,139.49755,小田急電鉄,小田原線
517,栗平,21779,35.60575,139.481295,小田急電鉄,多摩線
518,根津,25579,35.717325,139.76575000000003,東京地下鉄,9号線千代田線
519,桜上水,36349,35.66764,139.631465,京王電鉄,京王線
520,桜新町,67930,35.63174,139.64587,東京急行電鉄,田園都市線
521,桜木町,154720,35.45023,139.63092,東日本旅客鉄道,根岸線
522,桜田門,13517,35.67765,139.75267,東京地下鉄,8号線有楽町線
523,桜街道,3040,35.739035,139.41655500000002,多摩都市モノレール,多摩都市モノレール線
524,梅ヶ丘,31474,35.65602,139.65355,小田急電鉄,小田原線
525,梅島,30702,35.772345,139.79807499999998,東武鉄道,伊勢崎線
526,梅郷,16217,35.93158,139.891095,東武鉄道,野田線
527,梶が谷,37018,35.59343,139.60536000000002,東京急行電鉄,田園都市線
528,梶原,3128,35.75107,139.7473,東京都,荒川線
529,椎名町,18027,35.726495,139.69431500000002,西武鉄道,池袋線
530,検見川,3645,35.65251,140.06676,京成電鉄,千葉線
531,検見川浜,30440,35.63717,140.059085,東日本旅客鉄道,京葉線
532,横浜,1981075,35.46558375,139.6219675,東日本旅客鉄道,東海道線
533,武蔵中原,66364,35.58056,139.64213999999998,東日本旅客鉄道,南武線
534,武蔵境,150323,35.702,139.54390999999998,東日本旅客鉄道,中央線
535,武蔵大和,7200,35.756434999999996,139.44404,西武鉄道,多摩湖線
536,武蔵小山,48848,35.620509999999996,139.70447000000001,東京急行電鉄,目黒線
537,武蔵小杉,396579,35.57635833333333,139.66102283333333,東日本旅客鉄道,東海道線
538,武蔵小金井,113354,35.701035,139.50592999999998,東日本旅客鉄道,中央線
539,武蔵新城,63334,35.587415,139.62909,東日本旅客鉄道,南武線
540,武蔵新田,24041,35.567755000000005,139.692435,東京急行電鉄,東急多摩川線
541,武蔵浦和,92580,35.846085,139.64710250000002,東日本旅客鉄道,武蔵野線
542,武蔵溝ノ口,153548,35.598815,139.611375,東日本旅客鉄道,南武線
543,武蔵白石,0,35.50193,139.70653,東日本旅客鉄道,鶴見線
544,武蔵野台,24647,35.664135,139.511305,京王電鉄,京王線
545,武蔵関,28477,35.727615,139.576365,西武鉄道,新宿線
546,武里,16132,35.94908,139.77071,東武鉄道,伊勢崎線
547,水天宮前,69837,35.68256,139.78555,東京地下鉄,11号線半蔵門線
548,水道橋,207009,35.7024425,139.75455,東日本旅客鉄道,中央線
549,氷川台,36181,35.74962,139.66547,東京地下鉄,8号線有楽町線
550,永田,3078,35.8196575,139.78544499999998,東日本旅客鉄道,外房線
551,永田町,61823,35.67841666666667,139.73937166666667,東京地下鉄,11号線半蔵門線
552,永福町,30532,35.676225,139.64267,京王電鉄,井の頭線
553,汐留,54728,35.66448,139.7611275,東京都,12号線大江戸線
554,江北,7356,35.773785000000004,139.77034500000002,東京都,日暮里・舎人線
555,江古田,33535,35.737465,139.672785,西武鉄道,池袋線
556,江戸川,5294,35.737755,139.89629,京成電鉄,本線
557,江戸川台,24883,35.89723,139.91053,東武鉄道,野田線
558,江戸川橋,49843,35.709295,139.73413,東京地下鉄,8号線有楽町線
559,池ノ上,9450,35.66037,139.673455,京王電鉄,井の頭線
560,池上,33862,35.571925,139.70313,東京急行電鉄,池上線
561,池尻大橋,57594,35.650909999999996,139.68508,東京急行電鉄,田園都市線
562,池袋,2524933,35.73004642857143,139.71059714285713,東京地下鉄,8号線有楽町線
563,沼袋,19632,35.71916,139.66484,西武鉄道,新宿線
564,沼部,10249,35.58249,139.67317,東京急行電鉄,東急多摩川線
565,泉体育館,2608,35.718845,139.419565,多摩都市モノレール,多摩都市モノレール線
566,泉岳寺,175421,35.638130000000004,139.73973,東京都,1号線浅草線
567,洗足,14311,35.61009,139.69410499999998,東京急行電鉄,目黒線
568,洗足池,17710,35.599675000000005,139.690925,東京急行電鉄,池上線
569,津田山,7118,35.60365,139.60072,東日本旅客鉄道,南武線
570,津田沼,202654,35.69189,140.01961,東日本旅客鉄道,総武線
571,流山,2679,35.8558,139.90183000000002,流鉄,流山線
572,流山おおたかの森,110531,35.87192,139.92535750000002,東武鉄道,野田線
573,流山セントラルパーク,6000,35.85459,139.91518,首都圏新都市鉄道,常磐新線
574,流通センター,16535,35.581445,139.749185,東京モノレール,東京モノレール羽田線
575,浅草,230737,35.711531,139.796729,東武鉄道,伊勢崎線
576,浅草橋,158673,35.6974975,139.7854725,東日本旅客鉄道,総武線
577,浅野,0,35.497445,139.69571,東日本旅客鉄道,鶴見線
578,浜川崎,0,35.5100225,139.71365749999998,東日本旅客鉄道,南武線
579,浜松町,302960,35.65541,139.757125,東日本旅客鉄道,東海道線
580,浜田山,28364,35.681575,139.627575,京王電鉄,井の頭線
581,浜町,21193,35.68859,139.788125,東京都,10号線新宿線
582,浦和,157614,35.858565,139.657145,東日本旅客鉄道,東北線
583,浦和美園,11100,35.893675,139.727825,埼玉高速鉄道,埼玉高速鉄道線
584,浮間舟渡,38926,35.79106,139.692315,東日本旅客鉄道,東北線（埼京線）
585,海浜幕張,107544,35.648399999999995,140.041995,東日本旅客鉄道,京葉線
586,海神,4633,35.70592499999999,139.971785,京成電鉄,本線
587,海芝浦,0,35.48613,139.700675,東日本旅客鉄道,鶴見線
588,淡路町,51913,35.694869999999995,139.76745499999998,東京地下鉄,4号線丸ノ内線
589,清水公園,4102,35.958794999999995,139.86030499999998,東武鉄道,野田線
590,清澄白河,78858,35.682280000000006,139.79996,東京都,12号線大江戸線
591,清瀬,68756,35.7718,139.5205,西武鉄道,池袋線
592,渋谷,2470009,35.658848285714285,139.70160735714288,東京地下鉄,13号線副都心線
593,港町,3822,35.535065,139.71262000000002,京浜急行電鉄,大師線
594,湯島,32160,35.707589999999996,139.770015,東京地下鉄,9号線千代田線
595,溜池山王,105663,35.6726325,139.741445,東京地下鉄,7号線南北線
596,溝の口,193197,35.59934,139.60985,東京急行電鉄,田園都市線
597,滝不動,7328,35.73801,140.026285,新京成電鉄,新京成線
598,滝野川一丁目,2058,35.747299999999996,139.735415,東京都,荒川線
599,潮見,19790,35.658865000000006,139.81717,東日本旅客鉄道,京葉線
600,熊野前,11421,35.748712499999996,139.76960250000002,東京都,日暮里・舎人線
601,片倉町,20458,35.489999999999995,139.60643,横浜市,3号線
602,牛込柳町,19134,35.69946,139.72519,東京都,12号線大江戸線
603,牛込神楽坂,13581,35.700915,139.73604,東京都,12号線大江戸線
604,狛江,43031,35.631735,139.576805,小田急電鉄,小田原線
605,玉川上水,49667,35.7318325,139.4182725,多摩都市モノレール,多摩都市モノレール線
606,王子,176392,35.7529575,139.73798749999997,東日本旅客鉄道,東北線
607,王子神谷,32685,35.764359999999996,139.735905,東京地下鉄,7号線南北線
608,王子駅前,10166,35.75265,139.73835,東京都,荒川線
609,瑞江,49625,35.69339,139.89781,東京都,10号線新宿線
610,生麦,27642,35.495599999999996,139.66733499999998,京浜急行電鉄,本線
611,産業道路,8795,35.536605,139.740445,京浜急行電鉄,大師線
612,用賀,61750,35.62694,139.63461,東京急行電鉄,田園都市線
613,田園調布,36510,35.59729,139.667285,東京急行電鉄,目黒線
614,田奈,11257,35.536215,139.50492,東京急行電鉄,田園都市線
615,田無,74148,35.727195,139.538985,西武鉄道,新宿線
616,田端,86258,35.737475,139.761575,東日本旅客鉄道,東北線
617,甲州街道,3634,35.67825,139.409155,多摩都市モノレール,多摩都市モノレール線
618,町屋,74220,35.741772499999996,139.78047249999997,東京地下鉄,9号線千代田線
619,町屋二丁目,1885,35.743915,139.776425,東京都,荒川線
620,町屋駅前,9832,35.742775,139.780775,東京都,荒川線
621,登戸,308890,35.620525,139.5698375,東日本旅客鉄道,南武線
622,白井,10451,35.784735,140.05344,北総鉄道,北総線
623,白楽,43153,35.489175,139.62781,東京急行電鉄,東横線
624,白糸台,5354,35.666305,139.509525,西武鉄道,多摩川線
625,白金台,15543,35.63777,139.72586,東京地下鉄,7号線南北線
626,白金高輪,40985,35.643145000000004,139.734285,東京都,6号線三田線
627,百合ヶ丘,20814,35.609025,139.51608,小田急電鉄,小田原線
628,百草園,7510,35.657375,139.431375,京王電鉄,京王線
629,目白,74710,35.720389999999995,139.70628,東日本旅客鉄道,山手線
630,目黒,445714,35.632388750000004,139.71577125,東京地下鉄,7号線南北線
631,矢切,6649,35.757505,139.900555,北総鉄道,北総線
632,矢口渡,23318,35.56245,139.70033999999998,東京急行電鉄,東急多摩川線
633,矢向,32636,35.53981,139.68023,東日本旅客鉄道,南武線
634,矢川,14788,35.685075,139.43159,東日本旅客鉄道,南武線
635,矢野口,18386,35.641735,139.520435,東日本旅客鉄道,南武線
636,石川台,14346,35.59686,139.68509,東京急行電鉄,池上線
637,石川町,68296,35.439385,139.642695,東日本旅客鉄道,根岸線
638,石神井公園,71041,35.74364,139.60655500000001,西武鉄道,池袋線
639,砂川七番,2201,35.723385,139.41810500000003,多摩都市モノレール,多摩都市モノレール線
640,祐天寺,29616,35.63717,139.69074999999998,東京急行電鉄,東横線
641,祖師ヶ谷大蔵,44039,35.643265,139.609795,小田急電鉄,小田原線
642,神保町,203274,35.695655,139.75791199999998,東京都,10号線新宿線
643,神奈川,4896,35.47125,139.627415,京浜急行電鉄,本線
644,神奈川新町,16484,35.481515,139.64017,京浜急行電鉄,本線
645,神楽坂,37976,35.703865,139.73452,東京地下鉄,5号線東西線
646,神泉,10246,35.65719,139.69349,京王電鉄,井の頭線
647,神谷町,85960,35.662625,139.74472500000002,東京地下鉄,2号線日比谷線
648,秋山,5924,35.765505000000005,139.93193,北総鉄道,北総線
649,秋津,77735,35.778345,139.49733,西武鉄道,池袋線
650,秋葉原,699087,35.698128,139.773833,東日本旅客鉄道,東北線
651,程久保,796,35.65523,139.410755,多摩都市モノレール,多摩都市モノレール線
652,稲城,19758,35.63596,139.49922500000002,京王電鉄,相模原線
653,稲城長沼,13154,35.644275,139.50261,東日本旅客鉄道,南武線
654,稲毛,98944,35.637035,140.09276,東日本旅客鉄道,総武線
655,稲毛海岸,42224,35.629459999999995,140.074585,東日本旅客鉄道,京葉線
656,稲田堤,46404,35.63341,139.535935,東日本旅客鉄道,南武線
657,穴守稲荷,13366,35.550265,139.746935,京浜急行電鉄,空港線
658,立会川,17012,35.598505,139.738945,京浜急行電鉄,本線
659,立川,311736,35.697931000000004,139.41475499999996,東日本旅客鉄道,青梅線
660,立川北,18745,35.699525,139.412665,多摩都市モノレール,多摩都市モノレール線
661,立川南,14717,35.696169999999995,139.412575,多摩都市モノレール,多摩都市モノレール線
662,立飛,1624,35.71427,139.41707,多摩都市モノレール,多摩都市モノレール線
663,竹ノ塚,72407,35.79437,139.79072,東武鉄道,伊勢崎線
664,竹橋,50101,35.69044,139.75767000000002,東京地下鉄,5号線東西線
665,竹芝,4133,35.654065,139.762015,ゆりかもめ,東京臨海新交通臨海線
666,笹塚,72830,35.67366,139.667175,京王電鉄,京王線
667,等々力,28901,35.60837,139.64796,東京急行電鉄,大井町線
668,築地,68659,35.6685,139.77321,東京地下鉄,2号線日比谷線
669,築地市場,23820,35.66496,139.76675,東京都,12号線大江戸線
670,篠崎,34260,35.70612,139.903885,東京都,10号線新宿線
671,糀谷,22369,35.55445,139.72959,京浜急行電鉄,空港線
672,経堂,70965,35.6515,139.63774999999998,小田急電鉄,小田原線
673,綱島,96672,35.536815000000004,139.634795,東京急行電鉄,東横線
674,綾瀬,467716,35.762225,139.82491249999998,東日本旅客鉄道,常磐線
675,練馬,185699,35.73778,139.6544725,東京都,12号線大江戸線
676,練馬春日町,19217,35.751360000000005,139.64076,東京都,12号線大江戸線
677,練馬高野台,25068,35.740615000000005,139.616835,西武鉄道,池袋線
678,羽田空港国内線ターミナル,70712,35.549409999999995,139.78523,京浜急行電鉄,空港線
679,羽田空港国際線ターミナル,12202,35.544979999999995,139.7670665,京浜急行電鉄,空港線
680,羽田空港国際線ビル,6130,35.543574,139.768833,東京モノレール,東京モノレール羽田線
681,羽田空港第1ビル,27645,35.54951,139.784355,東京モノレール,東京モノレール羽田線
682,羽田空港第2ビル,32345,35.550795,139.78820000000002,東京モノレール,東京モノレール羽田線
683,習志野,12876,35.715374999999995,140.042795,新京成電鉄,新京成線
684,聖蹟桜ヶ丘,65164,35.65072,139.44643,京王電鉄,京王線
685,自由が丘,143303,35.607145,139.66873750000002,東京急行電鉄,東横線
686,舎人,5689,35.80572,139.77013499999998,東京都,日暮里・舎人線
687,舎人公園,3514,35.796665000000004,139.77012,東京都,日暮里・舎人線
688,舞浜,127796,35.636160000000004,139.88371999999998,東日本旅客鉄道,京葉線
689,船の科学館,3235,35.621575,139.773115,ゆりかもめ,東京臨海新交通臨海線
690,船堀,57279,35.683785,139.863855,東京都,10号線新宿線
691,船橋,378787,35.7019025,139.98467,東武鉄道,野田線
692,船橋日大前,15815,35.727244999999996,140.060075,東葉高速鉄道,東葉高速線
693,船橋法典,33720,35.729929999999996,139.96701,東日本旅客鉄道,武蔵野線
694,船橋競馬場,18500,35.68984,139.997505,京成電鉄,本線
695,芝公園,26544,35.654135,139.749825,東京都,6号線三田線
696,芝浦ふ頭,4843,35.64222,139.75787,ゆりかもめ,東京臨海新交通臨海線
697,芦花公園,13810,35.670645,139.60892,京王電鉄,京王線
698,花小金井,53099,35.726145,139.51332,西武鉄道,新宿線
699,花月園前,6311,35.500325000000004,139.67286000000001,京浜急行電鉄,本線
700,若松河田,29700,35.699164999999994,139.718185,東京都,12号線大江戸線
701,若葉台,23402,35.619365,139.47234,京王電鉄,相模原線
702,茅場町,117262,35.680037500000005,139.7794975,東京地下鉄,5号線東西線
703,茗荷谷,69497,35.7172,139.736895,東京地下鉄,4号線丸ノ内線
704,草加,80993,35.82838,139.80345499999999,東武鉄道,伊勢崎線
705,荏原中延,12730,35.609899999999996,139.71203,東京急行電鉄,池上線
706,荏原町,16568,35.603809999999996,139.707545,東京急行電鉄,大井町線
707,荒川一中前,1175,35.733689999999996,139.788805,東京都,荒川線
708,荒川七丁目,969,35.742000000000004,139.784045,東京都,荒川線
709,荒川二丁目,1223,35.738600000000005,139.78469,東京都,荒川線
710,荒川区役所前,2197,35.735365,139.78601,東京都,荒川線
711,荒川車庫前,3864,35.75086,139.752805,東京都,荒川線
712,荒川遊園地前,2643,35.750645,139.75758,東京都,荒川線
713,荻窪,240174,35.7043025,139.6200025,東日本旅客鉄道,中央線
714,菅野,4101,35.728275,139.919395,京成電鉄,本線
715,菊名,233330,35.51029,139.6302475,東日本旅客鉄道,横浜線
716,萩山,10323,35.74043,139.4773,西武鉄道,拝島線
717,落合南長崎,22875,35.723055,139.68369,東京都,12号線大江戸線
718,葛西,97394,35.66355,139.87374499999999,東京地下鉄,5号線東西線
719,葛西臨海公園,23288,35.64417,139.861485,東日本旅客鉄道,京葉線
720,蒔田,16792,35.43031,139.61052999999998,横浜市,1号線
721,蒲生,17031,35.86689,139.791765,東武鉄道,伊勢崎線
722,蒲田,420629,35.561965,139.71504333333334,東日本旅客鉄道,東海道線
723,蓮根,16618,35.784054999999995,139.67906,東京都,6号線三田線
724,蓮沼,7447,35.563959999999994,139.7086,東京急行電鉄,池上線
725,蓮田,41842,35.981165000000004,139.652965,東日本旅客鉄道,東北線
726,蔵前,61689,35.7041725,139.79179249999999,東京都,12号線大江戸線
727,蕨,114952,35.82793,139.690415,東日本旅客鉄道,東北線
728,薬園台,14185,35.7091,140.03670499999998,新京成電鉄,新京成線
729,藤の牛島,7216,35.980335,139.77807,東武鉄道,野田線
730,虎ノ門,105392,35.670159999999996,139.75012,東京地下鉄,3号線銀座線
731,行徳,52899,35.682424999999995,139.91395,東京地下鉄,5号線東西線
732,表参道,150569,35.665108333333336,139.71175000000002,東京地下鉄,11号線半蔵門線
733,西ヶ原,6469,35.745945,139.74226,東京地下鉄,7号線南北線
734,西ヶ原四丁目,2782,35.744235,139.732685,東京都,荒川線
735,西千葉,46414,35.62226,140.103655,東日本旅客鉄道,総武線
736,西台,24928,35.78708,139.67268,東京都,6号線三田線
737,西国分寺,53608,35.69983,139.46621,東日本旅客鉄道,武蔵野線
738,西国立,18876,35.69379,139.423905,東日本旅客鉄道,南武線
739,西大井,29486,35.600985,139.72129999999999,東日本旅客鉄道,東海道線
740,西大島,25910,35.689345,139.826765,東京都,10号線新宿線
741,西太子堂,723,35.64452,139.66635,東京急行電鉄,世田谷線
742,西小山,34576,35.615435000000005,139.69871,東京急行電鉄,目黒線
743,西川口,101044,35.815515000000005,139.70436,東日本旅客鉄道,東北線
744,西巣鴨,24857,35.743415,139.728725,東京都,6号線三田線
745,西府,16410,35.670935,139.45738999999998,東日本旅客鉄道,南武線
746,西新井,62378,35.77728,139.790365,東武鉄道,大師線
747,西新井大師西,8843,35.78116,139.77014,東京都,日暮里・舎人線
748,西新宿,62707,35.694514999999996,139.69256000000001,東京地下鉄,4号線丸ノ内線
749,西新宿五丁目,27355,35.689899999999994,139.684665,東京都,12号線大江戸線
750,西日暮里,366697,35.733013333333325,139.76738833333334,東京都,日暮里・舎人線
751,西早稲田,28326,35.70865,139.70925499999998,東京地下鉄,13号線副都心線
752,西横浜,13106,35.453595,139.60897,相模鉄道,本線
753,西武園,3897,35.767735,139.448895,西武鉄道,西武園線
754,西武新宿,172907,35.695675,139.70004,西武鉄道,新宿線
755,西武柳沢,16161,35.72858,139.5524,西武鉄道,新宿線
756,西武遊園地,3049,35.765785,139.44271500000002,西武鉄道,多摩湖線
757,西永福,18132,35.678875000000005,139.635155,京王電鉄,井の頭線
758,西浦和,26486,35.844185,139.627765,東日本旅客鉄道,武蔵野線
759,西登戸,2184,35.617625000000004,140.10287,京成電鉄,千葉線
760,西白井,12214,35.784440000000004,140.031745,北総鉄道,北総線
761,西立川,12722,35.703295,139.39422,東日本旅客鉄道,青梅線
762,西船橋,525337,35.70713136363637,139.9590809090909,東葉高速鉄道,東葉高速線
763,西荻窪,80266,35.70376,139.59897999999998,東日本旅客鉄道,中央線
764,西葛西,95262,35.664675,139.85829,東京地下鉄,5号線東西線
765,西調布,15924,35.65732,139.529505,京王電鉄,京王線
766,西谷,23593,35.478055,139.56513999999999,相模鉄道,本線
767,西馬込,39763,35.587305,139.70632,東京都,1号線浅草線
768,西高島平,12147,35.791895,139.64568500000001,東京都,6号線三田線
769,要町,35332,35.733215,139.69848000000002,東京地下鉄,8号線有楽町線
770,見沼代親水公園,9288,35.814605,139.7707,東京都,日暮里・舎人線
771,読売ランド前,34154,35.614734999999996,139.52804,小田急電鉄,小田原線
772,調布,113385,35.65177,139.544735,京王電鉄,相模原線
773,護国寺,36990,35.71918,139.72744999999998,東京地下鉄,8号線有楽町線
774,谷保,19216,35.68138,139.44678,東日本旅客鉄道,南武線
775,谷在家,7100,35.78868,139.7701,東京都,日暮里・舎人線
776,谷塚,35818,35.81486,139.801465,東武鉄道,伊勢崎線
777,谷津,11125,35.685535,140.007175,京成電鉄,本線
778,豊四季,14145,35.866535,139.93928,東武鉄道,野田線
779,豊島園,24272,35.7418225,139.6486125,東京都,12号線大江戸線
780,豊春,13923,35.968035,139.726185,東武鉄道,野田線
781,豊洲,178073,35.6541075,139.796025,東京地下鉄,8号線有楽町線
782,豊田,59544,35.65912,139.380945,東日本旅客鉄道,中央線
783,豪徳寺,25479,35.65404,139.647955,小田急電鉄,小田原線
784,赤土小学校前,3684,35.74306,139.76913000000002,東京都,日暮里・舎人線
785,赤坂見附,101945,35.67641,139.73759,東京地下鉄,4号線丸ノ内線
786,赤羽,174692,35.776915,139.72146333333333,東日本旅客鉄道,東北線
787,赤羽岩淵,75150,35.783355,139.72211,東京地下鉄,7号線南北線
788,赤羽橋,34232,35.654970000000006,139.744195,東京都,12号線大江戸線
789,越中島,8274,35.668,139.792495,東日本旅客鉄道,京葉線
790,越谷,46535,35.88753,139.78623499999998,東武鉄道,伊勢崎線
791,越谷レイクタウン,36230,35.876095,139.82196,東日本旅客鉄道,武蔵野線
792,足立小台,3166,35.754635,139.770205,東京都,日暮里・舎人線
793,辰巳,25893,35.645775,139.81033,東京地下鉄,8号線有楽町線
794,逆井,13962,35.82304,139.98397,東武鉄道,野田線
795,運河,23165,35.91437,139.906035,東武鉄道,野田線
796,都庁前,40652,35.69059,139.69262500000002,東京都,12号線大江戸線
797,都立大学,47385,35.617850000000004,139.67644,東京急行電鉄,東横線
798,都立家政,17263,35.72219,139.64543,西武鉄道,新宿線
799,都筑ふれあいの丘駅,17849,35.536556000000004,139.56130100000001,横浜市,4号線
800,都電雑司ヶ谷,1317,35.72419,139.717945,東京都,荒川線
801,野方,22549,35.719494999999995,139.6538,西武鉄道,新宿線
802,野田市,10420,35.943380000000005,139.87126,東武鉄道,野田線
803,金町,88106,35.76951,139.87039,東日本旅客鉄道,常磐線
804,鈴木町,8095,35.53538,139.72065500000002,京浜急行電鉄,大師線
805,鉄道博物館,7886,35.920265,139.617825,埼玉新都市交通,伊奈線
806,銀座,245548,35.67222833333333,139.764735,東京地下鉄,4号線丸ノ内線
807,銀座一丁目,33836,35.67496,139.76610499999998,東京地下鉄,8号線有楽町線
808,錦糸町,287567,35.697565,139.814495,東日本旅客鉄道,総武線
809,鎌ヶ谷,22313,35.763785,139.99731,東武鉄道,野田線
810,鎌ヶ谷大仏,14580,35.757855,140.01394,新京成電鉄,新京成線
811,鐘ヶ淵,12453,35.733760000000004,139.82037,東武鉄道,伊勢崎線
812,門前仲町,183465,35.6723375,139.7961525,東京都,12号線大江戸線
813,関内,154708,35.445125,139.636175,東日本旅客鉄道,根岸線
814,阪東橋,5540,35.43733,139.624515,横浜市,1号線
815,阿佐ヶ谷,86192,35.704905,139.63706000000002,東日本旅客鉄道,中央線
816,雑司が谷,13638,35.7202,139.714715,東京地下鉄,13号線副都心線
817,雑色,29329,35.549775,139.715035,京浜急行電鉄,本線
818,雪が谷大塚,23202,35.591965,139.681125,東京急行電鉄,池上線
819,霞ヶ関,164272,35.736485,139.67501875,東武鉄道,東上本線
820,青井,12000,35.772,139.820245,首都圏新都市鉄道,常磐新線
821,青山一丁目,172189,35.67262,139.72379,東京都,12号線大江戸線
822,青梅街道,7217,35.730990000000006,139.47656999999998,西武鉄道,多摩湖線
823,青物横丁,42552,35.60919,139.743135,京浜急行電鉄,本線
824,青砥,45152,35.74587,139.85627,京成電鉄,本線
825,青葉台,110439,35.542855,139.5173,東京急行電鉄,田園都市線
826,面影橋,1351,35.712855,139.714675,東京都,荒川線
827,飛田給,23784,35.659985,139.52366,京王電鉄,京王線
828,飛鳥山,1530,35.750065,139.73732,東京都,荒川線
829,飯山満,16023,35.714,140.0223,東葉高速鉄道,東葉高速線
830,飯田橋,379665,35.702301000000006,139.74518200000003,東日本旅客鉄道,中央線
831,馬喰横山,106029,35.691485,139.78351500000002,東京都,10号線新宿線
832,馬喰町,48800,35.692825,139.78172,東日本旅客鉄道,総武線
833,馬橋,51613,35.81189,139.9171775,東日本旅客鉄道,常磐線
834,馬車道,33305,35.450075,139.6362,横浜高速鉄道,みなとみらい21線
835,馬込,23751,35.59598,139.71176000000003,東京都,1号線浅草線
836,馬込沢,26390,35.741655,139.992205,東武鉄道,野田線
837,駒場東大前,39119,35.65867,139.684075,京王電鉄,井の頭線
838,駒沢大学,72696,35.633035,139.66096499999998,東京急行電鉄,田園都市線
839,駒込,127778,35.7366,139.74735750000002,東日本旅客鉄道,山手線
840,高井戸,42861,35.683260000000004,139.61523,京王電鉄,井の頭線
841,高円寺,96110,35.705344999999994,139.65035,東日本旅客鉄道,中央線
842,高島平,29094,35.788934999999995,139.661295,東京都,6号線三田線
843,高島町,7316,35.458695000000006,139.62365,横浜市,3号線
844,高幡不動,71974,35.661946666666665,139.41381166666665,多摩都市モノレール,多摩都市モノレール線
845,高柳,12382,35.808305,139.99898,東武鉄道,野田線
846,高根公団,14129,35.730419999999995,140.029435,新京成電鉄,新京成線
847,高根木戸,7991,35.726605,140.034985,新京成電鉄,新京成線
848,高田馬場,878723,35.71315833333333,139.70436833333335,東日本旅客鉄道,山手線
849,高輪台,13358,35.63126,139.72981,東京都,1号線浅草線
850,鬼子母神前,2539,35.72058,139.715155,東京都,荒川線
851,鬼越,4750,35.719764999999995,139.937865,京成電鉄,本線
852,鮫洲,8996,35.60507,139.742445,京浜急行電鉄,本線
853,鰭ヶ崎,1279,35.84097,139.911115,流鉄,流山線
854,鳩ヶ谷,17900,35.830799999999996,139.73615999999998,埼玉高速鉄道,埼玉高速鉄道線
855,鴨居,75656,35.510850000000005,139.56695000000002,東日本旅客鉄道,横浜線
856,鵜の木,18163,35.575385,139.68054999999998,東京急行電鉄,東急多摩川線
857,鶯谷,47468,35.721455,139.77803,東日本旅客鉄道,東北線
858,鶴川,68185,35.583110000000005,139.48182500000001,小田急電鉄,小田原線
859,鶴瀬,42082,35.8454,139.53978999999998,東武鉄道,東上本線
860,鶴見,152890,35.5087125,139.67613,東日本旅客鉄道,東海道線
861,鶴見小野,0,35.49702,139.681275,東日本旅客鉄道,鶴見線
862,鶴見市場,18933,35.51759,139.68649,京浜急行電鉄,本線
863,鷹の台,26272,35.72301,139.46106,西武鉄道,国分寺線
864,鷺ノ宮,29677,35.722620000000006,139.63984499999998,西武鉄道,新宿線
865,鷺沼,59684,35.57928,139.572635,東京急行電鉄,田園都市線
866,鹿島田,32876,35.551455000000004,139.67498,東日本旅客鉄道,南武線
867,麹町,54843,35.684785000000005,139.73735,東京地下鉄,8号線有楽町線
868,麻布十番,77046,35.655649999999994,139.73657500000002,東京都,12号線大江戸線
869,黄金町,22551,35.439705000000004,139.62256000000002,京浜急行電鉄,本線
