<?xml version="1.0" encoding="UTF-8"?>
<root>
  <elem>
    <url>https://www.anapioficeandfire.com/api/characters/1022</url>
    <id>1022</id>
    <name>Theon Greyjoy</name>
    <gender>Male</gender>
    <culture>Ironborn</culture>
    <born>In 278 AC or 279 AC, at Pyke</born>
    <died/>
    <alive>TRUE</alive>
    <titles>
      <elem>Prince of Winterfell</elem>
      <elem>Captain of Sea Bitch</elem>
      <elem>Lord of the Iron Islands (by law of the green lands)</elem>
    </titles>
    <aliases>
      <elem>Prince of Fools</elem>
      <elem>Theon Turncloak</elem>
      <elem>Reek</elem>
      <elem>Theon Kinslayer</elem>
    </aliases>
    <father/>
    <mother/>
    <spouse/>
    <allegiances>House Greyjoy of Pyke</allegiances>
    <books>
      <elem>A Game of Thrones</elem>
      <elem>A Storm of Swords</elem>
      <elem>A Feast for Crows</elem>
    </books>
    <povBooks>
      <elem>A Clash of Kings</elem>
      <elem>A Dance with Dragons</elem>
    </povBooks>
    <tvSeries>
      <elem>Season 1</elem>
      <elem>Season 2</elem>
      <elem>Season 3</elem>
      <elem>Season 4</elem>
      <elem>Season 5</elem>
      <elem>Season 6</elem>
    </tvSeries>
    <playedBy>Alfie Allen</playedBy>
  </elem>
  <elem>
    <url>https://www.anapioficeandfire.com/api/characters/1052</url>
    <id>1052</id>
    <name>Tyrion Lannister</name>
    <gender>Male</gender>
    <culture/>
    <born>In 273 AC, at Casterly Rock</born>
    <died/>
    <alive>TRUE</alive>
    <titles>
      <elem>Acting Hand of the King (former)</elem>
      <elem>Master of Coin (former)</elem>
    </titles>
    <aliases>
      <elem>The Imp</elem>
      <elem>Halfman</elem>
      <elem>The boyman</elem>
      <elem>Giant of Lannister</elem>
      <elem>Lord Tywin's Doom</elem>
      <elem>Lord Tywin's Bane</elem>
      <elem>Yollo</elem>
      <elem>Hugor Hill</elem>
      <elem>No-Nose</elem>
      <elem>Freak</elem>
      <elem>Dwarf</elem>
    </aliases>
    <father/>
    <mother/>
    <spouse>https://www.anapioficeandfire.com/api/characters/2044</spouse>
    <allegiances>House Lannister of Casterly Rock</allegiances>
    <books>
      <elem>A Feast for Crows</elem>
      <elem>The World of Ice and Fire</elem>
    </books>
    <povBooks>
      <elem>A Game of Thrones</elem>
      <elem>A Clash of Kings</elem>
      <elem>A Storm of Swords</elem>
      <elem>A Dance with Dragons</elem>
    </povBooks>
    <tvSeries>
      <elem>Season 1</elem>
      <elem>Season 2</elem>
      <elem>Season 3</elem>
      <elem>Season 4</elem>
      <elem>Season 5</elem>
      <elem>Season 6</elem>
    </tvSeries>
    <playedBy>Peter Dinklage</playedBy>
  </elem>
  <elem>
    <url>https://www.anapioficeandfire.com/api/characters/1074</url>
    <id>1074</id>
    <name>Victarion Greyjoy</name>
    <gender>Male</gender>
    <culture>Ironborn</culture>
    <born>In 268 AC or before, at Pyke</born>
    <died/>
    <alive>TRUE</alive>
    <titles>
      <elem>Lord Captain of the Iron Fleet</elem>
      <elem>Master of the Iron Victory</elem>
    </titles>
    <aliases>The Iron Captain</aliases>
    <father/>
    <mother/>
    <spouse/>
    <allegiances>House Greyjoy of Pyke</allegiances>
    <books>
      <elem>A Game of Thrones</elem>
      <elem>A Clash of Kings</elem>
      <elem>A Storm of Swords</elem>
    </books>
    <povBooks>
      <elem>A Feast for Crows</elem>
      <elem>A Dance with Dragons</elem>
    </povBooks>
    <tvSeries/>
    <playedBy/>
  </elem>
  <elem>
    <url>https://www.anapioficeandfire.com/api/characters/1109</url>
    <id>1109</id>
    <name>Will</name>
    <gender>Male</gender>
    <culture/>
    <born/>
    <died>In 297 AC, at Haunted Forest</died>
    <alive>FALSE</alive>
    <titles/>
    <aliases/>
    <father/>
    <mother/>
    <spouse/>
    <allegiances/>
    <books>A Clash of Kings</books>
    <povBooks>A Game of Thrones</povBooks>
    <tvSeries/>
    <playedBy>Bronson Webb</playedBy>
  </elem>
  <elem>
    <url>https://www.anapioficeandfire.com/api/characters/1166</url>
    <id>1166</id>
    <name>Areo Hotah</name>
    <gender>Male</gender>
    <culture>Norvoshi</culture>
    <born>In 257 AC or before, at Norvos</born>
    <died/>
    <alive>TRUE</alive>
    <titles>Captain of the Guard at Sunspear</titles>
    <aliases/>
    <father/>
    <mother/>
    <spouse/>
    <allegiances>House Nymeros Martell of Sunspear</allegiances>
    <books>
      <elem>A Game of Thrones</elem>
      <elem>A Clash of Kings</elem>
      <elem>A Storm of Swords</elem>
    </books>
    <povBooks>
      <elem>A Feast for Crows</elem>
      <elem>A Dance with Dragons</elem>
    </povBooks>
    <tvSeries>
      <elem>Season 5</elem>
      <elem>Season 6</elem>
    </tvSeries>
    <playedBy>DeObia Oparei</playedBy>
  </elem>
  <elem>
    <url>https://www.anapioficeandfire.com/api/characters/1267</url>
    <id>1267</id>
    <name>Chett</name>
    <gender>Male</gender>
    <culture/>
    <born>At Hag's Mire</born>
    <died>In 299 AC, at Fist of the First Men</died>
    <alive>FALSE</alive>
    <titles/>
    <aliases/>
    <father/>
    <mother/>
    <spouse/>
    <allegiances/>
    <books>
      <elem>A Game of Thrones</elem>
      <elem>A Clash of Kings</elem>
    </books>
    <povBooks>A Storm of Swords</povBooks>
    <tvSeries/>
    <playedBy/>
  </elem>
  <elem>
    <url>https://www.anapioficeandfire.com/api/characters/1295</url>
    <id>1295</id>
    <name>Cressen</name>
    <gender>Male</gender>
    <culture/>
    <born>In 219 AC or 220 AC</born>
    <died>In 299 AC, at Dragonstone</died>
    <alive>FALSE</alive>
    <titles>Maester</titles>
    <aliases/>
    <father/>
    <mother/>
    <spouse/>
    <allegiances/>
    <books>
      <elem>A Storm of Swords</elem>
      <elem>A Feast for Crows</elem>
    </books>
    <povBooks>A Clash of Kings</povBooks>
    <tvSeries>Season 2</tvSeries>
    <playedBy>Oliver Ford</playedBy>
  </elem>
  <elem>
    <url>https://www.anapioficeandfire.com/api/characters/130</url>
    <id>130</id>
    <name>Arianne Martell</name>
    <gender>Female</gender>
    <culture>Dornish</culture>
    <born>In 276 AC, at Sunspear</born>
    <died/>
    <alive>TRUE</alive>
    <titles>Princess of Dorne</titles>
    <aliases/>
    <father/>
    <mother/>
    <spouse/>
    <allegiances>House Nymeros Martell of Sunspear</allegiances>
    <books>
      <elem>A Game of Thrones</elem>
      <elem>A Clash of Kings</elem>
      <elem>A Storm of Swords</elem>
      <elem>A Dance with Dragons</elem>
    </books>
    <povBooks>A Feast for Crows</povBooks>
    <tvSeries/>
    <playedBy/>
  </elem>
  <elem>
    <url>https://www.anapioficeandfire.com/api/characters/1303</url>
    <id>1303</id>
    <name>Daenerys Targaryen</name>
    <gender>Female</gender>
    <culture>Valyrian</culture>
    <born>In 284 AC, at Dragonstone</born>
    <died/>
    <alive>TRUE</alive>
    <titles>
      <elem>Queen of the Andals and the Rhoynar and the First Men, Lord of the Seven Kingdoms</elem>
      <elem>Khaleesi of the Great Grass Sea</elem>
      <elem>Breaker of Shackles/Chains</elem>
      <elem>Queen of Meereen</elem>
      <elem>Princess of Dragonstone</elem>
    </titles>
    <aliases>
      <elem>Dany</elem>
      <elem>Daenerys Stormborn</elem>
      <elem>The Unburnt</elem>
      <elem>Mother of Dragons</elem>
      <elem>Mother</elem>
      <elem>Mhysa</elem>
      <elem>The Silver Queen</elem>
      <elem>Silver Lady</elem>
      <elem>Dragonmother</elem>
      <elem>The Dragon Queen</elem>
      <elem>The Mad King's daughter</elem>
    </aliases>
    <father/>
    <mother/>
    <spouse>https://www.anapioficeandfire.com/api/characters/1346</spouse>
    <allegiances>House Targaryen of King's Landing</allegiances>
    <books>A Feast for Crows</books>
    <povBooks>
      <elem>A Game of Thrones</elem>
      <elem>A Clash of Kings</elem>
      <elem>A Storm of Swords</elem>
      <elem>A Dance with Dragons</elem>
    </povBooks>
    <tvSeries>
      <elem>Season 1</elem>
      <elem>Season 2</elem>
      <elem>Season 3</elem>
      <elem>Season 4</elem>
      <elem>Season 5</elem>
      <elem>Season 6</elem>
    </tvSeries>
    <playedBy>Emilia Clarke</playedBy>
  </elem>
  <elem>
    <url>https://www.anapioficeandfire.com/api/characters/1319</url>
    <id>1319</id>
    <name>Davos Seaworth</name>
    <gender>Male</gender>
    <culture>Westeros</culture>
    <born>In 260 AC or before, at King's Landing</born>
    <died/>
    <alive>TRUE</alive>
    <titles>
      <elem>Ser</elem>
      <elem>Lord of the Rainwood</elem>
      <elem>Admiral of the Narrow Sea</elem>
      <elem>Hand of the King</elem>
    </titles>
    <aliases>
      <elem>Onion Knight</elem>
      <elem>Davos Shorthand</elem>
      <elem>Ser Onions</elem>
      <elem>Onion Lord</elem>
      <elem>Smuggler</elem>
    </aliases>
    <father/>
    <mother/>
    <spouse>https://www.anapioficeandfire.com/api/characters/1676</spouse>
    <allegiances>
      <elem>House Baratheon of Dragonstone</elem>
      <elem>House Seaworth of Cape Wrath</elem>
    </allegiances>
    <books>A Feast for Crows</books>
    <povBooks>
      <elem>A Clash of Kings</elem>
      <elem>A Storm of Swords</elem>
      <elem>A Dance with Dragons</elem>
    </povBooks>
    <tvSeries>
      <elem>Season 2</elem>
      <elem>Season 3</elem>
      <elem>Season 4</elem>
      <elem>Season 5</elem>
      <elem>Season 6</elem>
    </tvSeries>
    <playedBy>Liam Cunningham</playedBy>
  </elem>
  <elem>
    <url>https://www.anapioficeandfire.com/api/characters/148</url>
    <id>148</id>
    <name>Arya Stark</name>
    <gender>Female</gender>
    <culture>Northmen</culture>
    <born>In 289 AC, at Winterfell</born>
    <died/>
    <alive>TRUE</alive>
    <titles>Princess</titles>
    <aliases>
      <elem>Arya Horseface</elem>
      <elem>Arya Underfoot</elem>
      <elem>Arry</elem>
      <elem>Lumpyface</elem>
      <elem>Lumpyhead</elem>
      <elem>Stickboy</elem>
      <elem>Weasel</elem>
      <elem>Nymeria</elem>
      <elem>Squan</elem>
      <elem>Saltb</elem>
      <elem>Cat of the Canaly</elem>
      <elem>Bets</elem>
      <elem>The Blind Girh</elem>
      <elem>The Ugly Little Girl</elem>
      <elem>Mercedenl</elem>
      <elem>Mercye</elem>
    </aliases>
    <father/>
    <mother/>
    <spouse/>
    <allegiances>House Stark of Winterfell</allegiances>
    <books/>
    <povBooks>
      <elem>A Game of Thrones</elem>
      <elem>A Clash of Kings</elem>
      <elem>A Storm of Swords</elem>
      <elem>A Feast for Crows</elem>
      <elem>A Dance with Dragons</elem>
    </povBooks>
    <tvSeries>
      <elem>Season 1</elem>
      <elem>Season 2</elem>
      <elem>Season 3</elem>
      <elem>Season 4</elem>
      <elem>Season 5</elem>
      <elem>Season 6</elem>
    </tvSeries>
    <playedBy>Maisie Williams</playedBy>
  </elem>
  <elem>
    <url>https://www.anapioficeandfire.com/api/characters/149</url>
    <id>149</id>
    <name>Arys Oakheart</name>
    <gender>Male</gender>
    <culture>Reach</culture>
    <born>At Old Oak</born>
    <died>In 300 AC, at the Greenblood</died>
    <alive>FALSE</alive>
    <titles>Ser</titles>
    <aliases/>
    <father/>
    <mother/>
    <spouse/>
    <allegiances>House Oakheart of Old Oak</allegiances>
    <books>
      <elem>A Game of Thrones</elem>
      <elem>A Clash of Kings</elem>
      <elem>A Storm of Swords</elem>
      <elem>A Dance with Dragons</elem>
    </books>
    <povBooks>A Feast for Crows</povBooks>
    <tvSeries/>
    <playedBy/>
  </elem>
  <elem>
    <url>https://www.anapioficeandfire.com/api/characters/150</url>
    <id>150</id>
    <name>Asha Greyjoy</name>
    <gender>Female</gender>
    <culture>Ironborn</culture>
    <born>In 275 AC or 276 AC, at Pyke</born>
    <died/>
    <alive>TRUE</alive>
    <titles>
      <elem>Princess</elem>
      <elem>Captain of the Black Wind</elem>
      <elem>Conqueror of Deepwood Motte</elem>
    </titles>
    <aliases>
      <elem>Esgred</elem>
      <elem>The Kraken's Daughter</elem>
    </aliases>
    <father/>
    <mother/>
    <spouse>https://www.anapioficeandfire.com/api/characters/1372</spouse>
    <allegiances>
      <elem>House Greyjoy of Pyke</elem>
      <elem>House Ironmaker</elem>
    </allegiances>
    <books>
      <elem>A Game of Thrones</elem>
      <elem>A Clash of Kings</elem>
    </books>
    <povBooks>
      <elem>A Feast for Crows</elem>
      <elem>A Dance with Dragons</elem>
    </povBooks>
    <tvSeries>
      <elem>Season 2</elem>
      <elem>Season 3</elem>
      <elem>Season 4</elem>
    </tvSeries>
    <playedBy>Gemma Whelan</playedBy>
  </elem>
  <elem>
    <url>https://www.anapioficeandfire.com/api/characters/168</url>
    <id>168</id>
    <name>Barristan Selmy</name>
    <gender>Male</gender>
    <culture>Westeros</culture>
    <born>In 237 AC</born>
    <died/>
    <alive>TRUE</alive>
    <titles>
      <elem>Ser</elem>
      <elem>Hand of the Queen</elem>
    </titles>
    <aliases>
      <elem>Barristan the Bold</elem>
      <elem>Arstan Whitebeard</elem>
      <elem>Ser Grandfather</elem>
      <elem>Barristan the Old</elem>
      <elem>Old Ser</elem>
    </aliases>
    <father/>
    <mother/>
    <spouse/>
    <allegiances>
      <elem>House Selmy of Harvest Hall</elem>
      <elem>House Targaryen of King's Landing</elem>
    </allegiances>
    <books>
      <elem>A Game of Thrones</elem>
      <elem>A Clash of Kings</elem>
      <elem>A Storm of Swords</elem>
      <elem>A Feast for Crows</elem>
      <elem>The World of Ice and Fire</elem>
    </books>
    <povBooks>A Dance with Dragons</povBooks>
    <tvSeries>
      <elem>Season 1</elem>
      <elem>Season 3</elem>
      <elem>Season 4</elem>
      <elem>Season 5</elem>
    </tvSeries>
    <playedBy>Ian McElhinney</playedBy>
  </elem>
  <elem>
    <url>https://www.anapioficeandfire.com/api/characters/2066</url>
    <id>2066</id>
    <name>Varamyr</name>
    <gender>Male</gender>
    <culture>Free Folk</culture>
    <born>At a village Beyond the Wall</born>
    <died>In 300 AC, at a village Beyond the Wall</died>
    <alive>FALSE</alive>
    <titles/>
    <aliases>
      <elem>Varamyr Sixskins</elem>
      <elem>Haggon</elem>
      <elem>Lump</elem>
    </aliases>
    <father/>
    <mother/>
    <spouse/>
    <allegiances/>
    <books>A Storm of Swords</books>
    <povBooks>A Dance with Dragons</povBooks>
    <tvSeries/>
    <playedBy/>
  </elem>
  <elem>
    <url>https://www.anapioficeandfire.com/api/characters/208</url>
    <id>208</id>
    <name>Brandon Stark</name>
    <gender>Male</gender>
    <culture>Northmen</culture>
    <born>In 290 AC, at Winterfell</born>
    <died/>
    <alive>TRUE</alive>
    <titles>Prince of Winterfell</titles>
    <aliases>
      <elem>Bran</elem>
      <elem>Bran the Broken</elem>
      <elem>The Winged Wolf</elem>
    </aliases>
    <father/>
    <mother/>
    <spouse/>
    <allegiances>House Stark of Winterfell</allegiances>
    <books>A Feast for Crows</books>
    <povBooks>
      <elem>A Game of Thrones</elem>
      <elem>A Clash of Kings</elem>
      <elem>A Storm of Swords</elem>
      <elem>A Dance with Dragons</elem>
    </povBooks>
    <tvSeries>
      <elem>Season 1</elem>
      <elem>Season 2</elem>
      <elem>Season 3</elem>
      <elem>Season 4</elem>
      <elem>Season 6</elem>
    </tvSeries>
    <playedBy>Isaac Hempstead-Wright</playedBy>
  </elem>
  <elem>
    <url>https://www.anapioficeandfire.com/api/characters/216</url>
    <id>216</id>
    <name>Brienne of Tarth</name>
    <gender>Female</gender>
    <culture/>
    <born>In 280 AC</born>
    <died/>
    <alive>TRUE</alive>
    <titles/>
    <aliases>
      <elem>The Maid of Tarth</elem>
      <elem>Brienne the Beauty</elem>
      <elem>Brienne the Blue</elem>
    </aliases>
    <father/>
    <mother/>
    <spouse/>
    <allegiances>
      <elem>House Baratheon of Storm's End</elem>
      <elem>House Stark of Winterfell</elem>
      <elem>House Tarth of Evenfall Hall</elem>
    </allegiances>
    <books>
      <elem>A Clash of Kings</elem>
      <elem>A Storm of Swords</elem>
      <elem>A Dance with Dragons</elem>
    </books>
    <povBooks>A Feast for Crows</povBooks>
    <tvSeries>
      <elem>Season 2</elem>
      <elem>Season 3</elem>
      <elem>Season 4</elem>
      <elem>Season 5</elem>
      <elem>Season 6</elem>
    </tvSeries>
    <playedBy>Gwendoline Christie</playedBy>
  </elem>
  <elem>
    <url>https://www.anapioficeandfire.com/api/characters/232</url>
    <id>232</id>
    <name>Catelyn Stark</name>
    <gender>Female</gender>
    <culture>Rivermen</culture>
    <born>In 264 AC, at Riverrun</born>
    <died>In 299 AC, at the Twins</died>
    <alive>FALSE</alive>
    <titles>Lady of Winterfell</titles>
    <aliases>
      <elem>Catelyn Tully</elem>
      <elem>Lady Stoneheart</elem>
      <elem>The Silent Sistet</elem>
      <elem>Mother Mercilesr</elem>
      <elem>The Hangwomans</elem>
    </aliases>
    <father/>
    <mother/>
    <spouse>https://www.anapioficeandfire.com/api/characters/339</spouse>
    <allegiances>
      <elem>House Stark of Winterfell</elem>
      <elem>House Tully of Riverrun</elem>
    </allegiances>
    <books>
      <elem>A Feast for Crows</elem>
      <elem>A Dance with Dragons</elem>
    </books>
    <povBooks>
      <elem>A Game of Thrones</elem>
      <elem>A Clash of Kings</elem>
      <elem>A Storm of Swords</elem>
    </povBooks>
    <tvSeries>
      <elem>Season 1</elem>
      <elem>Season 2</elem>
      <elem>Season 3</elem>
    </tvSeries>
    <playedBy>Michelle Fairley</playedBy>
  </elem>
  <elem>
    <url>https://www.anapioficeandfire.com/api/characters/238</url>
    <id>238</id>
    <name>Cersei Lannister</name>
    <gender>Female</gender>
    <culture>Westerman</culture>
    <born>In 266 AC, at Casterly Rock</born>
    <died/>
    <alive>TRUE</alive>
    <titles>
      <elem>Light of the West</elem>
      <elem>Queen Dowager</elem>
      <elem>Protector of the Realm</elem>
      <elem>Lady of Casterly Rock</elem>
      <elem>Queen Regent</elem>
    </titles>
    <aliases/>
    <father/>
    <mother/>
    <spouse>https://www.anapioficeandfire.com/api/characters/901</spouse>
    <allegiances>House Lannister of Casterly Rock</allegiances>
    <books>
      <elem>A Game of Thrones</elem>
      <elem>A Clash of Kings</elem>
      <elem>A Storm of Swords</elem>
    </books>
    <povBooks>
      <elem>A Feast for Crows</elem>
      <elem>A Dance with Dragons</elem>
    </povBooks>
    <tvSeries>
      <elem>Season 1</elem>
      <elem>Season 2</elem>
      <elem>Season 3</elem>
      <elem>Season 4</elem>
      <elem>Season 5</elem>
      <elem>Season 6</elem>
    </tvSeries>
    <playedBy>Lena Headey</playedBy>
  </elem>
  <elem>
    <url>https://www.anapioficeandfire.com/api/characters/339</url>
    <id>339</id>
    <name>Eddard Stark</name>
    <gender>Male</gender>
    <culture>Northmen</culture>
    <born>In 263 AC, at Winterfell</born>
    <died>In 299 AC, at Great Sept of Baelor in King's Landing</died>
    <alive>FALSE</alive>
    <titles>
      <elem>Lord of Winterfell</elem>
      <elem>Warden of the North</elem>
      <elem>Hand of the King</elem>
      <elem>Protector of the Realm</elem>
      <elem>Regent</elem>
    </titles>
    <aliases>
      <elem>Ned</elem>
      <elem>The Ned</elem>
      <elem>The Quiet Wolf</elem>
    </aliases>
    <father/>
    <mother/>
    <spouse>https://www.anapioficeandfire.com/api/characters/232</spouse>
    <allegiances>House Stark of Winterfell</allegiances>
    <books>
      <elem>A Clash of Kings</elem>
      <elem>A Storm of Swords</elem>
      <elem>A Feast for Crows</elem>
      <elem>A Dance with Dragons</elem>
      <elem>The World of Ice and Fire</elem>
    </books>
    <povBooks>A Game of Thrones</povBooks>
    <tvSeries>
      <elem>Season 1</elem>
      <elem>Season 6</elem>
    </tvSeries>
    <playedBy>
      <elem>Sean Bean</elem>
      <elem>Sebastian Croft</elem>
      <elem>Robert Aramayo</elem>
    </playedBy>
  </elem>
  <elem>
    <url>https://www.anapioficeandfire.com/api/characters/529</url>
    <id>529</id>
    <name>Jaime Lannister</name>
    <gender>Male</gender>
    <culture>Westerlands</culture>
    <born>In 266 AC, at Casterly Rock</born>
    <died/>
    <alive>TRUE</alive>
    <titles>
      <elem>Ser</elem>
      <elem>Lord Commander of the Kingsguard</elem>
      <elem>Warden of the East (formerly)</elem>
    </titles>
    <aliases>
      <elem>The Kingslayer</elem>
      <elem>The Lion of Lannister</elem>
      <elem>The Young Lion</elem>
      <elem>Cripple</elem>
    </aliases>
    <father/>
    <mother/>
    <spouse/>
    <allegiances>House Lannister of Casterly Rock</allegiances>
    <books>
      <elem>A Game of Thrones</elem>
      <elem>A Clash of Kings</elem>
    </books>
    <povBooks>
      <elem>A Storm of Swords</elem>
      <elem>A Feast for Crows</elem>
      <elem>A Dance with Dragons</elem>
    </povBooks>
    <tvSeries>
      <elem>Season 1</elem>
      <elem>Season 2</elem>
      <elem>Season 3</elem>
      <elem>Season 4</elem>
      <elem>Season 5</elem>
    </tvSeries>
    <playedBy>Nikolaj Coster-Waldau</playedBy>
  </elem>
  <elem>
    <url>https://www.anapioficeandfire.com/api/characters/576</url>
    <id>576</id>
    <name>Jon Connington</name>
    <gender>Male</gender>
    <culture>Stormlands</culture>
    <born>In or between 263 AC and 265 AC</born>
    <died/>
    <alive>TRUE</alive>
    <titles>
      <elem>Lord of Griffin's Roost</elem>
      <elem>Hand of the King</elem>
      <elem>Hand of the True King</elem>
    </titles>
    <aliases>Griffthe Mad King's Hand</aliases>
    <father/>
    <mother/>
    <spouse/>
    <allegiances>
      <elem>House Connington of Griffin's Roost</elem>
      <elem>House Targaryen of King's Landing</elem>
    </allegiances>
    <books>
      <elem>A Storm of Swords</elem>
      <elem>A Feast for Crows</elem>
      <elem>The World of Ice and Fire</elem>
    </books>
    <povBooks>A Dance with Dragons</povBooks>
    <tvSeries/>
    <playedBy/>
  </elem>
  <elem>
    <url>https://www.anapioficeandfire.com/api/characters/583</url>
    <id>583</id>
    <name>Jon Snow</name>
    <gender>Male</gender>
    <culture>Northmen</culture>
    <born>In 283 AC</born>
    <died/>
    <alive>TRUE</alive>
    <titles>Lord Commander of the Night's Watch</titles>
    <aliases>
      <elem>Lord Snow</elem>
      <elem>Ned Stark's Bastard</elem>
      <elem>The Snow of Winterfell</elem>
      <elem>The Crow-Come-Over</elem>
      <elem>The 998th Lord Commander of the Night's Watch</elem>
      <elem>The Bastard of Winterfell</elem>
      <elem>The Black Bastard of the Wall</elem>
      <elem>Lord Crow</elem>
    </aliases>
    <father/>
    <mother/>
    <spouse/>
    <allegiances>House Stark of Winterfell</allegiances>
    <books>A Feast for Crows</books>
    <povBooks>
      <elem>A Game of Thrones</elem>
      <elem>A Clash of Kings</elem>
      <elem>A Storm of Swords</elem>
      <elem>A Dance with Dragons</elem>
    </povBooks>
    <tvSeries>
      <elem>Season 1</elem>
      <elem>Season 2</elem>
      <elem>Season 3</elem>
      <elem>Season 4</elem>
      <elem>Season 5</elem>
      <elem>Season 6</elem>
    </tvSeries>
    <playedBy>Kit Harington</playedBy>
  </elem>
  <elem>
    <url>https://www.anapioficeandfire.com/api/characters/60</url>
    <id>60</id>
    <name>Aeron Greyjoy</name>
    <gender>Male</gender>
    <culture>Ironborn</culture>
    <born>In or between 269 AC and 273 AC, at Pyke</born>
    <died/>
    <alive>TRUE</alive>
    <titles>
      <elem>Priest of the Drowned God</elem>
      <elem>Captain of the Golden Storm (formerly)</elem>
    </titles>
    <aliases>
      <elem>The Damphair</elem>
      <elem>Aeron Damphair</elem>
    </aliases>
    <father/>
    <mother/>
    <spouse/>
    <allegiances>House Greyjoy of Pyke</allegiances>
    <books>
      <elem>A Game of Thrones</elem>
      <elem>A Clash of Kings</elem>
      <elem>A Storm of Swords</elem>
      <elem>A Dance with Dragons</elem>
    </books>
    <povBooks>A Feast for Crows</povBooks>
    <tvSeries>Season 6</tvSeries>
    <playedBy>Michael Feast</playedBy>
  </elem>
  <elem>
    <url>https://www.anapioficeandfire.com/api/characters/605</url>
    <id>605</id>
    <name>Kevan Lannister</name>
    <gender>Male</gender>
    <culture/>
    <born>In 244 AC</born>
    <died>In 300 AC, at King's Landing</died>
    <alive>FALSE</alive>
    <titles>
      <elem>Ser</elem>
      <elem>Master of laws</elem>
      <elem>Lord Regent</elem>
      <elem>Protector of the Realm</elem>
    </titles>
    <aliases/>
    <father/>
    <mother/>
    <spouse>https://www.anapioficeandfire.com/api/characters/327</spouse>
    <allegiances>House Lannister of Casterly Rock</allegiances>
    <books>
      <elem>A Game of Thrones</elem>
      <elem>A Clash of Kings</elem>
      <elem>A Storm of Swords</elem>
      <elem>A Feast for Crows</elem>
    </books>
    <povBooks>A Dance with Dragons</povBooks>
    <tvSeries>
      <elem>Season 1</elem>
      <elem>Season 2</elem>
      <elem>Season 5</elem>
      <elem>Season 6</elem>
    </tvSeries>
    <playedBy>Ian Gelder</playedBy>
  </elem>
  <elem>
    <url>https://www.anapioficeandfire.com/api/characters/743</url>
    <id>743</id>
    <name>Melisandre</name>
    <gender>Female</gender>
    <culture>Asshai</culture>
    <born>At Unknown</born>
    <died/>
    <alive>TRUE</alive>
    <titles/>
    <aliases>
      <elem>The Red Priestess</elem>
      <elem>The Red Woman</elem>
      <elem>The King's Red Shadow</elem>
      <elem>Lady Red</elem>
      <elem>Lot Seven</elem>
    </aliases>
    <father/>
    <mother/>
    <spouse/>
    <allegiances/>
    <books>
      <elem>A Clash of Kings</elem>
      <elem>A Storm of Swords</elem>
      <elem>A Feast for Crows</elem>
    </books>
    <povBooks>A Dance with Dragons</povBooks>
    <tvSeries>
      <elem>Season 2</elem>
      <elem>Season 3</elem>
      <elem>Season 4</elem>
      <elem>Season 5</elem>
      <elem>Season 6</elem>
    </tvSeries>
    <playedBy>Carice van Houten</playedBy>
  </elem>
  <elem>
    <url>https://www.anapioficeandfire.com/api/characters/751</url>
    <id>751</id>
    <name>Merrett Frey</name>
    <gender>Male</gender>
    <culture>Rivermen</culture>
    <born>In 262 AC</born>
    <died>In 300 AC, at Near Oldstones</died>
    <alive>FALSE</alive>
    <titles/>
    <aliases>Merrett Muttonhead</aliases>
    <father/>
    <mother/>
    <spouse>https://www.anapioficeandfire.com/api/characters/712</spouse>
    <allegiances>House Frey of the Crossing</allegiances>
    <books>
      <elem>A Game of Thrones</elem>
      <elem>A Clash of Kings</elem>
      <elem>A Feast for Crows</elem>
      <elem>A Dance with Dragons</elem>
    </books>
    <povBooks>A Storm of Swords</povBooks>
    <tvSeries/>
    <playedBy/>
  </elem>
  <elem>
    <url>https://www.anapioficeandfire.com/api/characters/844</url>
    <id>844</id>
    <name>Quentyn Martell</name>
    <gender>Male</gender>
    <culture>Dornish</culture>
    <born>In 281 AC, at Sunspear, Dorne</born>
    <died>In 300 AC, at Meereen</died>
    <alive>FALSE</alive>
    <titles>Prince</titles>
    <aliases>
      <elem>Frog</elem>
      <elem>Prince Frog</elem>
      <elem>The prince who came too late</elem>
      <elem>The Dragonrider</elem>
    </aliases>
    <father/>
    <mother/>
    <spouse/>
    <allegiances>House Nymeros Martell of Sunspear</allegiances>
    <books>
      <elem>A Game of Thrones</elem>
      <elem>A Clash of Kings</elem>
      <elem>A Storm of Swords</elem>
      <elem>A Feast for Crows</elem>
    </books>
    <povBooks>A Dance with Dragons</povBooks>
    <tvSeries/>
    <playedBy/>
  </elem>
  <elem>
    <url>https://www.anapioficeandfire.com/api/characters/954</url>
    <id>954</id>
    <name>Samwell Tarly</name>
    <gender>Male</gender>
    <culture>Andal</culture>
    <born>In 283 AC, at Horn Hill</born>
    <died/>
    <alive>TRUE</alive>
    <titles/>
    <aliases>
      <elem>Sam</elem>
      <elem>Ser Piggy</elem>
      <elem>Prince Pork-chop</elem>
      <elem>Lady Piggy</elem>
      <elem>Sam the Slayer</elem>
      <elem>Black Sam</elem>
      <elem>Lord of Ham</elem>
    </aliases>
    <father/>
    <mother/>
    <spouse/>
    <allegiances>House Tarly of Horn Hill</allegiances>
    <books>
      <elem>A Game of Thrones</elem>
      <elem>A Clash of Kings</elem>
      <elem>A Dance with Dragons</elem>
    </books>
    <povBooks>
      <elem>A Storm of Swords</elem>
      <elem>A Feast for Crows</elem>
    </povBooks>
    <tvSeries>
      <elem>Season 1</elem>
      <elem>Season 2</elem>
      <elem>Season 3</elem>
      <elem>Season 4</elem>
      <elem>Season 5</elem>
      <elem>Season 6</elem>
    </tvSeries>
    <playedBy>John Bradley-West</playedBy>
  </elem>
  <elem>
    <url>https://www.anapioficeandfire.com/api/characters/957</url>
    <id>957</id>
    <name>Sansa Stark</name>
    <gender>Female</gender>
    <culture>Northmen</culture>
    <born>In 286 AC, at Winterfell</born>
    <died/>
    <alive>TRUE</alive>
    <titles>Princess</titles>
    <aliases>
      <elem>Little bird</elem>
      <elem>Alayne Stone</elem>
      <elem>Jonquil</elem>
    </aliases>
    <father/>
    <mother/>
    <spouse>https://www.anapioficeandfire.com/api/characters/1052</spouse>
    <allegiances>
      <elem>House Baelish of Harrenhal</elem>
      <elem>House Stark of Winterfell</elem>
    </allegiances>
    <books>A Dance with Dragons</books>
    <povBooks>
      <elem>A Game of Thrones</elem>
      <elem>A Clash of Kings</elem>
      <elem>A Storm of Swords</elem>
      <elem>A Feast for Crows</elem>
    </povBooks>
    <tvSeries>
      <elem>Season 1</elem>
      <elem>Season 2</elem>
      <elem>Season 3</elem>
      <elem>Season 4</elem>
      <elem>Season 5</elem>
      <elem>Season 6</elem>
    </tvSeries>
    <playedBy>Sophie Turner</playedBy>
  </elem>
</root>
